subtaskID,datapointID,answer
1,0,345.2065470573199
1,1,107.75597030444105
1,2,222.52943425553477
1,3,74.27510814199708
1,4,430.02547471134193
1,5,112.33259091082658
1,6,357.92164021339767
1,7,345.2065470573199
1,8,306.75996356219093
1,9,345.2065470573199
1,10,306.75996356219093
1,11,92.42284205928182
1,12,156.9444128000589
1,13,280.2722207049211
1,14,107.75597030444105
1,15,222.52943425553477
1,16,222.52943425553477
1,17,222.52943425553477
1,18,345.2065470573199
1,19,476.7488573083366
1,20,107.75597030444105
1,21,222.52943425553477
1,22,345.2065470573199
1,23,259.23403251536956
1,24,306.18527412077924
1,25,99.1385923824411
1,26,154.5582890834927
1,27,222.52943425553477
1,28,112.33259091082658
1,29,99.70303312116418
1,30,357.92164021339767
1,31,109.90591771467827
1,32,222.52943425553477
1,33,447.8314931899635
1,34,92.42284205928182
1,35,280.2722207049211
1,36,107.75597030444105
1,37,306.75996356219093
1,38,112.33259091082658
1,39,280.2722207049211
1,40,109.90591771467827
1,41,345.2065470573199
1,42,222.52943425553477
1,43,306.75996356219093
1,44,372.39753796312317
1,45,107.75597030444105
1,46,125.52100801609606
1,47,357.92164021339767
1,48,112.33259091082658
1,49,160.4837542621223
1,50,160.4837542621223
1,51,280.2722207049211
1,52,280.2722207049211
1,53,107.75597030444105
1,54,280.2722207049211
1,55,105.05239984894419
1,56,280.2722207049211
1,57,280.2722207049211
1,58,112.33259091082658
1,59,419.32865728210504
1,60,112.33259091082658
1,61,222.52943425553477
1,62,107.75597030444105
1,63,306.75996356219093
1,64,259.23403251536956
1,65,306.18527412077924
1,66,99.1385923824411
1,67,154.5582890834927
1,68,222.52943425553477
1,69,357.92164021339767
1,70,109.90591771467827
1,71,372.6286567085442
1,72,107.75597030444105
1,73,345.2065470573199
1,74,385.343749864622
1,75,347.89284005177666
1,76,154.5582890834927
1,77,111.29531176650443
1,78,99.70303312116418
1,79,345.2065470573199
1,80,112.33259091082658
1,81,406.61356412602726
1,82,306.75996356219093
1,83,306.75996356219093
1,84,107.75597030444105
1,85,306.75996356219093
1,86,154.5582890834927
1,87,222.52943425553477
1,88,306.75996356219093
1,89,306.75996356219093
1,90,372.6286567085442
1,91,99.1385923824411
1,92,112.33259091082658
1,93,372.6286567085442
1,94,419.32865728210504
1,95,480.87977858300764
1,96,385.11263111920096
1,97,419.32865728210504
1,98,345.2065470573199
1,99,99.1385923824411
1,100,385.343749864622
1,101,107.75597030444105
1,102,419.32865728210504
1,103,306.75996356219093
1,104,345.2065470573199
1,105,156.9444128000589
1,106,154.5582890834927
1,107,306.75996356219093
1,108,99.1385923824411
1,109,222.52943425553477
1,110,430.02547471134193
1,111,107.75597030444105
1,112,372.6286567085442
1,113,109.90591771467827
1,114,160.4837542621223
1,115,372.6286567085442
1,116,430.02547471134193
1,117,385.343749864622
1,118,222.52943425553477
1,119,107.75597030444105
1,120,156.9444128000589
1,121,107.75597030444105
1,122,280.2722207049211
1,123,347.89284005177666
1,124,357.92164021339767
1,125,222.52943425553477
1,126,419.32865728210504
1,127,112.33259091082658
1,128,156.9444128000589
1,129,222.52943425553477
1,130,306.75996356219093
1,131,107.75597030444105
1,132,280.2722207049211
1,133,112.33259091082658
1,134,160.4837542621223
1,135,105.05239984894419
1,136,280.2722207049211
1,137,385.343749864622
1,138,385.343749864622
1,139,385.11263111920096
1,140,357.92164021339767
1,141,160.4837542621223
1,142,160.4837542621223
1,143,306.75996356219093
1,144,406.61356412602726
1,145,430.02547471134193
1,146,107.75597030444105
1,147,385.11263111920096
1,148,92.42284205928182
1,149,357.92164021339767
1,150,306.75996356219093
1,151,99.1385923824411
1,152,222.52943425553477
1,153,385.11263111920096
1,154,306.75996356219093
1,155,372.6286567085442
1,156,385.11263111920096
1,157,385.11263111920096
1,158,430.02547471134193
1,159,112.33259091082658
1,160,160.4837542621223
1,161,406.61356412602726
1,162,222.52943425553477
1,163,306.75996356219093
1,164,222.52943425553477
1,165,160.4837542621223
1,166,419.32865728210504
1,167,99.1385923824411
1,168,345.2065470573199
1,169,306.75996356219093
1,170,306.75996356219093
1,171,385.11263111920096
1,172,419.32865728210504
1,173,107.75597030444105
1,174,280.2722207049211
1,175,160.4837542621223
1,176,372.6286567085442
1,177,109.90591771467827
1,178,345.2065470573199
1,179,156.9444128000589
1,180,385.11263111920096
1,181,456.2553725129371
1,182,107.75597030444105
1,183,419.32865728210504
1,184,345.2065470573199
1,185,373.5719240126204
1,186,430.02547471134193
1,187,385.11263111920096
1,188,107.75597030444105
1,189,306.75996356219093
1,190,112.33259091082658
1,191,306.75996356219093
1,192,385.11263111920096
1,193,107.75597030444105
1,194,222.52943425553477
1,195,345.2065470573199
1,196,154.5582890834927
1,197,222.52943425553477
1,198,107.75597030444105
1,199,346.52326370465704
1,200,107.75597030444105
1,201,385.343749864622
1,202,156.9444128000589
1,203,319.4750567182687
1,204,107.75597030444105
1,205,222.52943425553477
1,206,385.11263111920096
1,207,385.11263111920096
1,208,112.33259091082658
1,209,99.70303312116418
1,210,385.343749864622
1,211,107.75597030444105
1,212,521.8054294670643
1,213,107.75597030444105
1,214,222.52943425553477
1,215,460.45191886829895
1,216,107.75597030444105
1,217,419.32865728210504
1,218,107.75597030444105
1,219,357.92164021339767
1,220,222.52943425553477
1,221,222.52943425553477
1,222,280.2722207049211
1,223,306.75996356219093
1,224,160.4837542621223
1,225,280.2722207049211
1,226,372.6286567085442
1,227,107.75597030444105
1,228,222.52943425553477
1,229,280.2722207049211
1,230,319.4750567182687
1,231,222.52943425553477
1,232,112.33259091082658
1,233,345.2065470573199
1,234,306.75996356219093
1,235,112.33259091082658
1,236,280.2722207049211
1,237,222.52943425553477
1,238,357.92164021339767
1,239,162.03554196517317
1,240,99.1385923824411
1,241,372.6286567085442
1,242,222.52943425553477
1,243,222.52943425553477
1,244,280.2722207049211
1,245,306.75996356219093
1,246,306.75996356219093
1,247,385.11263111920096
1,248,160.4837542621223
1,249,222.52943425553477
1,250,107.75597030444105
1,251,222.52943425553477
1,252,107.75597030444105
1,253,280.2722207049211
1,254,99.1385923824411
1,255,107.75597030444105
1,256,345.2065470573199
1,257,332.6730169780491
1,258,385.11263111920096
1,259,345.2065470573199
1,260,222.52943425553477
1,261,385.343749864622
1,262,107.75597030444105
1,263,319.4750567182687
1,264,156.9444128000589
1,265,222.52943425553477
1,266,345.2065470573199
1,267,385.11263111920096
1,268,306.75996356219093
1,269,372.6286567085442
1,270,447.8314931899635
1,271,400.78174162475943
1,272,419.32865728210504
1,273,419.32865728210504
1,274,385.343749864622
1,275,306.75996356219093
1,276,107.75597030444105
1,277,372.6286567085442
1,278,107.75597030444105
1,279,306.75996356219093
1,280,372.6286567085442
1,281,345.2065470573199
1,282,99.1385923824411
1,283,385.11263111920096
1,284,345.2065470573199
1,285,280.2722207049211
1,286,306.75996356219093
1,287,385.11263111920096
1,288,160.4837542621223
1,289,112.33259091082658
1,290,107.75597030444105
1,291,306.75996356219093
1,292,280.2722207049211
1,293,345.2065470573199
1,294,306.75996356219093
1,295,419.32865728210504
1,296,306.75996356219093
1,297,159.64941824860696
1,298,430.02547471134193
1,299,99.1385923824411
1,300,306.75996356219093
1,301,372.6286567085442
1,302,385.11263111920096
1,303,385.343749864622
1,304,419.32865728210504
1,305,107.75597030444105
1,306,306.75996356219093
1,307,430.02547471134193
1,308,156.9444128000589
1,309,306.75996356219093
1,310,430.02547471134193
1,311,406.61356412602726
1,312,372.39753796312317
1,313,385.343749864622
1,314,156.9444128000589
1,315,385.11263111920096
1,316,345.2065470573199
1,317,406.61356412602726
1,318,112.33259091082658
1,319,222.52943425553477
1,320,306.75996356219093
1,321,372.39753796312317
1,322,385.343749864622
1,323,99.1385923824411
1,324,419.32865728210504
1,325,112.33259091082658
1,326,419.32865728210504
1,327,430.02547471134193
1,328,419.32865728210504
1,329,99.1385923824411
1,330,92.42284205928182
1,331,345.2065470573199
1,332,107.75597030444105
1,333,345.2065470573199
1,334,280.2722207049211
1,335,357.92164021339767
1,336,222.52943425553477
1,337,385.11263111920096
1,338,306.75996356219093
1,339,222.52943425553477
1,340,99.1385923824411
1,341,222.52943425553477
1,342,385.343749864622
1,343,160.4837542621223
1,344,280.2722207049211
1,345,306.75996356219093
1,346,222.52943425553477
1,347,112.33259091082658
1,348,372.6286567085442
1,349,447.8314931899635
1,350,306.75996356219093
1,351,222.52943425553477
1,352,160.4837542621223
1,353,160.4837542621223
1,354,280.2722207049211
1,355,306.75996356219093
1,356,107.75597030444105
1,357,345.2065470573199
1,358,107.75597030444105
1,359,222.52943425553477
1,360,98.66575397684204
1,361,160.4837542621223
1,362,280.2722207049211
1,363,345.2065470573199
1,364,306.75996356219093
1,365,372.6286567085442
1,366,280.2722207049211
1,367,160.4837542621223
1,368,306.75996356219093
1,369,385.343749864622
1,370,222.52943425553477
1,371,280.2722207049211
1,372,306.75996356219093
1,373,385.11263111920096
1,374,280.2722207049211
1,375,280.2722207049211
1,376,107.75597030444105
1,377,430.02547471134193
1,378,98.66575397684204
1,379,306.75996356219093
1,380,112.33259091082658
1,381,222.52943425553477
1,382,222.52943425553477
1,383,385.343749864622
1,384,107.75597030444105
1,385,280.2722207049211
1,386,506.32329391523496
1,387,406.61356412602726
1,388,385.343749864622
1,389,372.39753796312317
1,390,92.42284205928182
1,391,430.02547471134193
1,392,385.11263111920096
1,393,430.02547471134193
1,394,385.11263111920096
1,395,345.2065470573199
1,396,107.75597030444105
1,397,112.33259091082658
1,398,435.1164000338857
1,399,306.75996356219093
1,400,385.11263111920096
1,401,419.32865728210504
1,402,345.2065470573199
1,403,385.11263111920096
1,404,385.343749864622
1,405,105.05239984894419
1,406,385.343749864622
1,407,276.5937709223219
1,408,447.8314931899635
1,409,385.343749864622
1,410,332.6730169780491
1,411,385.343749864622
1,412,99.1385923824411
1,413,385.343749864622
1,414,385.343749864622
1,415,385.11263111920096
1,416,435.1164000338857
1,417,306.75996356219093
1,418,280.2722207049211
1,419,406.61356412602726
1,420,92.42284205928182
1,421,222.52943425553477
1,422,280.2722207049211
1,423,406.61356412602726
1,424,372.39753796312317
1,425,306.75996356219093
1,426,385.11263111920096
1,427,345.2065470573199
1,428,107.75597030444105
1,429,112.33259091082658
1,430,435.1164000338857
1,431,158.19121164886826
1,432,357.92164021339767
1,433,419.32865728210504
1,434,99.1385923824411
1,435,419.32865728210504
1,436,107.75597030444105
1,437,222.52943425553477
1,438,156.9444128000589
1,439,319.4750567182687
1,440,306.75996356219093
1,441,222.52943425553477
1,442,372.6286567085442
1,443,107.75597030444105
1,444,345.2065470573199
1,445,345.2065470573199
1,446,107.75597030444105
1,447,112.33259091082658
1,448,435.1164000338857
1,449,345.2065470573199
1,450,112.33259091082658
1,451,372.6286567085442
1,452,280.2722207049211
1,453,385.11263111920096
1,454,99.1385923824411
1,455,280.2722207049211
1,456,112.33259091082658
1,457,419.32865728210504
1,458,222.52943425553477
1,459,372.6286567085442
1,460,372.6286567085442
1,461,345.2065470573199
1,462,306.75996356219093
1,463,419.32865728210504
1,464,345.2065470573199
1,465,439.0829596302473
1,466,372.39753796312317
1,467,488.9398640997344
1,468,99.1385923824411
1,469,280.2722207049211
1,470,112.33259091082658
1,471,419.32865728210504
1,472,430.02547471134193
1,473,105.05239984894419
1,474,280.2722207049211
1,475,107.75597030444105
1,476,280.2722207049211
1,477,222.52943425553477
1,478,222.52943425553477
1,479,107.75597030444105
1,480,385.11263111920096
1,481,107.75597030444105
1,482,385.343749864622
1,483,99.1385923824411
1,484,107.75597030444105
1,485,385.11263111920096
1,486,306.75996356219093
1,487,372.39753796312317
1,488,280.2722207049211
1,489,165.57488342723656
1,490,259.23403251536956
1,491,306.75996356219093
1,492,419.32865728210504
1,493,109.90591771467827
1,494,385.11263111920096
1,495,107.75597030444105
1,496,112.33259091082658
1,497,468.2593529046722
1,498,156.9444128000589
1,499,434.15639598601297
1,500,372.39753796312317
1,501,107.75597030444105
1,502,345.2065470573199
1,503,345.2065470573199
1,504,99.70303312116418
1,505,222.52943425553477
1,506,107.75597030444105
1,507,385.11263111920096
1,508,430.02547471134193
1,509,385.11263111920096
1,510,476.7488573083366
1,511,306.75996356219093
1,512,345.2065470573199
1,513,345.2065470573199
1,514,346.52326370465704
1,515,372.6286567085442
1,516,345.2065470573199
1,517,280.2722207049211
1,518,105.05239984894419
1,519,280.2722207049211
1,520,259.23403251536956
1,521,385.11263111920096
1,522,107.75597030444105
1,523,280.2722207049211
1,524,430.02547471134193
1,525,99.1385923824411
1,526,430.02547471134193
1,527,156.9444128000589
1,528,385.343749864622
1,529,345.2065470573199
1,530,222.52943425553477
1,531,107.75597030444105
1,532,280.2722207049211
1,533,112.33259091082658
1,534,345.2065470573199
1,535,280.2722207049211
1,536,345.2065470573199
1,537,345.2065470573199
1,538,112.33259091082658
1,539,306.75996356219093
1,540,430.02547471134193
1,541,345.2065470573199
1,542,306.75996356219093
1,543,156.9444128000589
1,544,222.52943425553477
1,545,385.343749864622
1,546,419.32865728210504
1,547,406.61356412602726
1,548,99.70303312116418
1,549,280.2722207049211
1,550,372.39753796312317
1,551,107.75597030444105
1,552,306.75996356219093
1,553,99.1385923824411
1,554,107.75597030444105
1,555,385.343749864622
1,556,88.66312969546475
1,557,155.2142019111526
1,558,109.90591771467827
1,559,280.2722207049211
1,560,222.52943425553477
1,561,99.70303312116418
1,562,222.52943425553477
1,563,280.2722207049211
1,564,107.75597030444105
1,565,385.343749864622
1,566,105.05239984894419
1,567,107.75597030444105
1,568,385.343749864622
1,569,99.1385923824411
1,570,385.343749864622
1,571,385.11263111920096
1,572,222.52943425553477
1,573,430.02547471134193
1,574,107.75597030444105
1,575,345.2065470573199
1,576,280.2722207049211
1,577,419.32865728210504
1,578,306.75996356219093
1,579,280.2722207049211
1,580,372.39753796312317
1,581,222.52943425553477
1,582,372.6286567085442
1,583,107.75597030444105
1,584,460.09599028476765
1,585,99.1385923824411
1,586,107.75597030444105
1,587,430.02547471134193
1,588,447.8314931899635
1,589,222.52943425553477
1,590,306.75996356219093
1,591,306.75996356219093
1,592,460.09599028476765
1,593,107.75597030444105
1,594,280.2722207049211
1,595,156.9444128000589
1,596,385.343749864622
1,597,345.2065470573199
1,598,222.52943425553477
1,599,372.6286567085442
1,600,345.2065470573199
1,601,280.2722207049211
1,602,385.343749864622
1,603,306.75996356219093
1,604,447.8314931899635
1,605,385.11263111920096
1,606,460.45191886829895
1,607,419.32865728210504
1,608,385.343749864622
1,609,107.75597030444105
1,610,372.6286567085442
1,611,372.6286567085442
1,612,385.11263111920096
1,613,419.32865728210504
1,614,107.75597030444105
1,615,419.32865728210504
1,616,385.343749864622
1,617,419.32865728210504
1,618,385.11263111920096
1,619,476.7488573083366
1,620,306.75996356219093
1,621,345.2065470573199
1,622,372.6286567085442
1,623,141.91027816957543
1,624,419.32865728210504
1,625,456.2553725129371
1,626,259.23403251536956
1,627,306.18527412077924
1,628,99.1385923824411
1,629,154.5582890834927
1,630,345.2065470573199
1,631,306.75996356219093
1,632,357.92164021339767
1,633,107.75597030444105
1,634,92.42284205928182
1,635,112.33259091082658
1,636,160.4837542621223
1,637,280.2722207049211
1,638,280.2722207049211
1,639,107.75597030444105
1,640,222.52943425553477
1,641,109.90591771467827
1,642,385.343749864622
1,643,154.5582890834927
1,644,306.75996356219093
1,645,74.27510814199708
1,646,280.2722207049211
1,647,107.75597030444105
1,648,345.2065470573199
1,649,107.75597030444105
1,650,222.52943425553477
1,651,92.42284205928182
1,652,345.2065470573199
1,653,222.52943425553477
1,654,306.75996356219093
1,655,306.18527412077924
1,656,112.33259091082658
1,657,222.52943425553477
1,658,112.33259091082658
1,659,345.2065470573199
1,660,447.8314931899635
1,661,74.27510814199708
1,662,306.75996356219093
1,663,156.9444128000589
1,664,107.75597030444105
1,665,156.9444128000589
1,666,99.1385923824411
1,667,112.33259091082658
1,668,99.70303312116418
1,669,345.2065470573199
1,670,112.33259091082658
1,671,160.4837542621223
1,672,306.75996356219093
1,673,345.2065470573199
1,674,107.75597030444105
1,675,280.2722207049211
1,676,105.05239984894419
1,677,306.75996356219093
1,678,112.33259091082658
1,679,222.52943425553477
1,680,112.33259091082658
1,681,112.33259091082658
1,682,345.2065470573199
1,683,160.4837542621223
1,684,345.2065470573199
1,685,222.52943425553477
1,686,107.75597030444105
1,687,280.2722207049211
1,688,345.2065470573199
1,689,357.92164021339767
1,690,430.02547471134193
1,691,154.5582890834927
1,692,99.1385923824411
1,693,154.5582890834927
1,694,345.2065470573199
1,695,385.11263111920096
1,696,306.75996356219093
1,697,107.75597030444105
1,698,306.18527412077924
1,699,99.1385923824411
1,700,306.75996356219093
1,701,306.75996356219093
1,702,222.52943425553477
1,703,385.343749864622
1,704,107.75597030444105
1,705,306.75996356219093
1,706,893.3838953075538
1,707,372.39753796312317
1,708,112.33259091082658
1,709,434.15639598601297
1,710,280.2722207049211
1,711,222.52943425553477
1,712,385.343749864622
1,713,105.05239984894419
1,714,280.2722207049211
1,715,107.75597030444105
1,716,159.64941824860696
1,717,105.05239984894419
1,718,306.75996356219093
1,719,372.6286567085442
1,720,107.75597030444105
1,721,447.8314931899635
1,722,345.2065470573199
1,723,107.75597030444105
1,724,222.52943425553477
1,725,406.61356412602726
1,726,99.70303312116418
1,727,280.2722207049211
1,728,406.61356412602726
1,729,92.42284205928182
1,730,319.4750567182687
1,731,460.09599028476765
1,732,385.11263111920096
1,733,345.2065470573199
1,734,345.2065470573199
1,735,107.75597030444105
1,736,222.52943425553477
1,737,112.33259091082658
1,738,372.6286567085442
1,739,342.7018171396701
1,740,345.2065470573199
1,741,357.92164021339767
1,742,385.343749864622
1,743,109.90591771467827
1,744,306.75996356219093
1,745,306.18527412077924
1,746,99.1385923824411
1,747,357.92164021339767
1,748,345.2065470573199
1,749,112.33259091082658
1,750,280.2722207049211
1,751,107.75597030444105
1,752,280.2722207049211
1,753,222.52943425553477
1,754,156.9444128000589
1,755,222.52943425553477
1,756,109.90591771467827
1,757,280.2722207049211
1,758,154.5582890834927
1,759,345.2065470573199
1,760,107.75597030444105
1,761,222.52943425553477
1,762,406.61356412602726
1,763,99.70303312116418
1,764,280.2722207049211
1,765,372.39753796312317
1,766,109.90591771467827
1,767,280.2722207049211
1,768,280.2722207049211
1,769,447.8314931899635
1,770,109.90591771467827
1,771,280.2722207049211
1,772,345.2065470573199
1,773,160.4837542621223
1,774,160.4837542621223
1,775,280.2722207049211
1,776,372.39753796312317
1,777,385.11263111920096
1,778,107.75597030444105
1,779,345.2065470573199
1,780,112.33259091082658
1,781,222.52943425553477
1,782,385.11263111920096
1,783,107.75597030444105
1,784,372.6286567085442
1,785,112.33259091082658
1,786,222.52943425553477
1,787,112.33259091082658
1,788,419.32865728210504
1,789,109.90591771467827
1,790,160.4837542621223
1,791,372.6286567085442
1,792,385.11263111920096
1,793,419.32865728210504
1,794,493.1037803433212
1,795,74.79012025867445
1,796,334.65818138978534
1,797,297.57874997694023
1,798,381.65506989511505
1,799,112.84760302750396
1,800,297.57874997694023
1,801,426.3137229180816
1,802,105.56741196562157
1,803,412.0655368549043
1,804,334.65818138978534
1,805,233.5630608590254
1,806,334.65818138978534
1,807,108.27098242111843
1,808,297.57874997694023
1,809,163.6738459993312
1,810,110.42092983135565
1,811,233.5630608590254
1,812,233.5630608590254
1,813,297.57874997694023
1,814,423.58235140759905
1,815,414.79690836538686
1,816,475.4344389142135
1,817,112.84760302750396
1,818,414.79690836538686
1,819,108.27098242111843
1,820,297.57874997694023
1,821,99.65360449911849
1,822,110.42092983135565
1,823,297.57874997694023
1,824,233.5630608590254
1,825,112.84760302750396
1,826,378.96877690065827
1,827,112.84760302750396
1,828,233.5630608590254
1,829,426.3137229180816
1,830,378.96877690065827
1,831,233.5630608590254
1,832,112.84760302750396
1,833,378.96877690065827
1,834,334.65818138978534
1,835,334.65818138978534
1,836,112.84760302750396
1,837,412.0655368549043
1,838,390.48559145335304
1,839,297.57874997694023
1,840,163.6738459993312
1,841,233.5630608590254
1,842,297.57874997694023
1,843,233.5630608590254
1,844,233.5630608590254
1,845,390.48559145335304
1,846,334.65818138978534
1,847,99.65360449911849
1,848,233.5630608590254
1,849,233.5630608590254
1,850,297.57874997694023
1,851,412.0655368549043
1,852,334.65818138978534
1,853,108.27098242111843
1,854,390.48559145335304
1,855,112.84760302750396
1,856,112.84760302750396
1,857,233.5630608590254
1,858,110.42092983135565
1,859,334.65818138978534
1,860,378.96877690065827
1,861,105.56741196562157
1,862,233.5630608590254
1,863,233.5630608590254
1,864,112.84760302750396
1,865,334.65818138978534
1,866,160.13450453726782
1,867,297.57874997694023
1,868,112.84760302750396
1,869,378.96877690065827
1,870,163.6738459993312
1,871,110.42092983135565
1,872,334.65818138978534
1,873,334.65818138978534
1,874,99.65360449911849
1,875,92.93785417595919
1,876,378.96877690065827
1,877,297.57874997694023
1,878,334.65818138978534
1,879,297.57874997694023
1,880,233.5630608590254
1,881,426.3137229180816
1,882,334.65818138978534
1,883,92.93785417595919
1,884,233.5630608590254
1,885,234.24220286789824
1,886,414.79690836538686
1,887,163.6738459993312
1,888,378.96877690065827
1,889,297.57874997694023
1,890,112.84760302750396
1,891,163.6738459993312
1,892,99.65360449911849
1,893,112.84760302750396
1,894,334.65818138978534
1,895,412.0655368549043
1,896,334.65818138978534
1,897,112.84760302750396
1,898,233.5630608590254
1,899,100.21804523784155
1,900,426.3137229180816
1,901,108.27098242111843
1,902,297.57874997694023
1,903,297.57874997694023
1,904,334.65818138978534
1,905,163.6738459993312
1,906,334.65818138978534
1,907,378.96877690065827
1,908,108.27098242111843
1,909,92.93785417595919
1,910,378.96877690065827
1,911,108.27098242111843
1,912,108.27098242111843
1,913,334.65818138978534
1,914,112.84760302750396
1,915,378.96877690065827
1,916,112.84760302750396
1,917,412.0655368549043
1,918,297.57874997694023
1,919,297.57874997694023
1,920,163.6738459993312
1,921,334.65818138978534
1,922,74.79012025867445
1,923,297.57874997694023
1,924,163.6738459993312
1,925,233.5630608590254
1,926,233.5630608590254
1,927,112.84760302750396
1,928,412.0655368549043
1,929,99.65360449911849
1,930,233.5630608590254
1,931,297.57874997694023
1,932,163.6738459993312
1,933,503.4612775331504
1,934,110.42092983135565
1,935,334.65818138978534
1,936,378.96877690065827
1,937,157.7483808207016
1,938,233.5630608590254
1,939,414.79690836538686
1,940,233.5630608590254
1,941,112.84760302750396
1,942,334.65818138978534
1,943,297.57874997694023
1,944,110.42092983135565
1,945,163.6738459993312
1,946,99.65360449911849
1,947,233.5630608590254
1,948,378.96877690065827
1,949,233.5630608590254
1,950,475.4344389142135
1,951,233.5630608590254
1,952,475.4344389142135
1,953,390.48559145335304
1,954,378.96877690065827
1,955,334.65818138978534
1,956,112.84760302750396
1,957,163.6738459993312
1,958,233.5630608590254
1,959,378.96877690065827
1,960,112.84760302750396
1,961,297.57874997694023
1,962,163.6738459993312
1,963,391.9974983983126
1,964,390.48559145335304
1,965,163.6738459993312
1,966,108.27098242111843
1,967,99.65360449911849
1,968,414.79690836538686
1,969,412.0655368549043
1,970,99.65360449911849
1,971,334.65818138978534
1,972,112.84760302750396
1,973,378.96877690065827
1,974,378.96877690065827
1,975,108.27098242111843
1,976,412.0655368549043
1,977,105.56741196562157
1,978,334.65818138978534
1,979,99.65360449911849
1,980,163.6738459993312
1,981,100.21804523784155
1,982,477.4560445159554
1,983,108.27098242111843
1,984,233.5630608590254
1,985,266.90304391266636
1,986,161.38130338607718
1,987,163.6738459993312
1,988,390.48559145335304
1,989,99.65360449911849
1,990,334.65818138978534
1,991,297.57874997694023
1,992,414.79690836538686
1,993,233.5630608590254
1,994,233.5630608590254
1,995,233.5630608590254
1,996,163.6738459993312
1,997,423.58235140759905
1,998,426.3137229180816
1,999,108.27098242111843
1,1000,390.48559145335304
1,1001,108.27098242111843
1,1002,112.84760302750396
1,1003,334.65818138978534
1,1004,163.6738459993312
1,1005,160.13450453726782
1,1006,163.6738459993312
1,1007,233.5630608590254
1,1008,297.57874997694023
1,1009,92.93785417595919
1,1010,475.4344389142135
1,1011,112.84760302750396
1,1012,426.3137229180816
1,1013,99.65360449911849
1,1014,233.5630608590254
1,1015,105.56741196562157
1,1016,99.65360449911849
1,1017,160.13450453726782
1,1018,108.27098242111843
1,1019,112.84760302750396
1,1020,378.96877690065827
1,1021,100.21804523784155
1,1022,390.48559145335304
1,1023,488.97285906865017
1,1024,233.5630608590254
1,1025,112.84760302750396
1,1026,233.5630608590254
1,1027,297.57874997694023
1,1028,108.27098242111843
1,1029,309.095564529635
1,1030,92.93785417595919
1,1031,297.57874997694023
1,1032,108.27098242111843
1,1033,233.5630608590254
1,1034,463.91762436151873
1,1035,412.0655368549043
1,1036,108.27098242111843
1,1037,163.6738459993312
1,1038,160.13450453726782
1,1039,378.96877690065827
1,1040,110.42092983135565
1,1041,378.96877690065827
1,1042,108.27098242111843
1,1043,297.57874997694023
1,1044,99.65360449911849
1,1045,233.5630608590254
1,1046,297.57874997694023
1,1047,423.58235140759905
1,1048,297.57874997694023
1,1049,108.27098242111843
1,1050,233.5630608590254
1,1051,297.57874997694023
1,1052,334.65818138978534
1,1053,524.7294530454681
1,1054,161.38130338607718
1,1055,297.57874997694023
1,1056,110.42092983135565
1,1057,378.96877690065827
1,1058,157.7483808207016
1,1059,297.57874997694023
1,1060,100.21804523784155
1,1061,297.57874997694023
1,1062,99.65360449911849
1,1063,112.84760302750396
1,1064,297.57874997694023
1,1065,108.27098242111843
1,1066,108.27098242111843
1,1067,112.84760302750396
1,1068,297.57874997694023
1,1069,112.84760302750396
1,1070,163.6738459993312
1,1071,99.65360449911849
1,1072,378.96877690065827
1,1073,163.6738459993312
1,1074,112.84760302750396
1,1075,423.58235140759905
1,1076,112.84760302750396
1,1077,108.27098242111843
1,1078,334.65818138978534
1,1079,334.65818138978534
1,1080,157.7483808207016
1,1081,233.5630608590254
1,1082,99.65360449911849
1,1083,297.57874997694023
1,1084,112.84760302750396
1,1085,233.5630608590254
1,1086,414.79690836538686
1,1087,112.84760302750396
1,1088,112.84760302750396
1,1089,378.96877690065827
1,1090,381.65506989511505
1,1091,112.84760302750396
1,1092,297.57874997694023
1,1093,112.84760302750396
1,1094,233.5630608590254
1,1095,108.27098242111843
1,1096,423.58235140759905
1,1097,463.91762436151873
1,1098,112.84760302750396
1,1099,390.48559145335304
1,1100,112.84760302750396
1,1101,297.57874997694023
1,1102,426.3137229180816
1,1103,378.96877690065827
1,1104,108.27098242111843
1,1105,233.5630608590254
1,1106,233.5630608590254
1,1107,110.42092983135565
1,1108,297.57874997694023
1,1109,112.84760302750396
1,1110,414.79690836538686
1,1111,108.27098242111843
1,1112,412.0655368549043
1,1113,163.6738459993312
1,1114,105.56741196562157
1,1115,309.095564529635
1,1116,423.58235140759905
1,1117,346.1749959424801
1,1118,112.84760302750396
1,1119,112.84760302750396
1,1120,412.0655368549043
1,1121,297.57874997694023
1,1122,160.13450453726782
1,1123,378.96877690065827
1,1124,233.5630608590254
1,1125,112.84760302750396
1,1126,554.6168356329439
1,1127,163.6738459993312
1,1128,112.84760302750396
1,1129,414.79690836538686
1,1130,334.65818138978534
1,1131,503.4612775331504
1,1132,99.65360449911849
1,1133,390.48559145335304
1,1134,233.5630608590254
1,1135,334.65818138978534
1,1136,112.84760302750396
1,1137,297.57874997694023
1,1138,391.9974983983126
1,1139,378.96877690065827
1,1140,423.58235140759905
1,1141,378.96877690065827
1,1142,112.84760302750396
1,1143,233.5630608590254
1,1144,112.84760302750396
1,1145,297.57874997694023
1,1146,233.5630608590254
1,1147,390.48559145335304
1,1148,112.84760302750396
1,1149,233.5630608590254
1,1150,112.84760302750396
1,1151,412.0655368549043
1,1152,112.84760302750396
1,1153,378.96877690065827
1,1154,233.5630608590254
1,1155,110.42092983135565
1,1156,423.58235140759905
1,1157,233.5630608590254
1,1158,233.5630608590254
1,1159,390.48559145335304
1,1160,100.21804523784155
1,1161,378.96877690065827
1,1162,334.65818138978534
1,1163,233.5630608590254
1,1164,503.4612775331504
1,1165,233.5630608590254
1,1166,346.1749959424801
1,1167,110.42092983135565
1,1168,334.65818138978534
1,1169,233.5630608590254
1,1170,233.5630608590254
1,1171,112.84760302750396
1,1172,334.65818138978534
1,1173,297.57874997694023
1,1174,297.57874997694023
1,1175,297.57874997694023
1,1176,105.56741196562157
1,1177,334.65818138978534
1,1178,297.57874997694023
1,1179,100.21804523784155
1,1180,378.96877690065827
1,1181,233.5630608590254
1,1182,334.65818138978534
1,1183,233.5630608590254
1,1184,378.96877690065827
1,1185,475.4344389142135
1,1186,233.5630608590254
1,1187,100.21804523784155
1,1188,412.0655368549043
1,1189,108.27098242111843
1,1190,297.57874997694023
1,1191,99.65360449911849
1,1192,412.0655368549043
1,1193,99.65360449911849
1,1194,112.84760302750396
1,1195,334.65818138978534
1,1196,426.3137229180816
1,1197,112.84760302750396
1,1198,233.5630608590254
1,1199,108.27098242111843
1,1200,297.57874997694023
1,1201,163.6738459993312
1,1202,160.13450453726782
1,1203,233.5630608590254
1,1204,233.5630608590254
1,1205,334.65818138978534
1,1206,108.27098242111843
1,1207,112.84760302750396
1,1208,112.84760302750396
1,1209,412.0655368549043
1,1210,108.27098242111843
1,1211,334.65818138978534
1,1212,112.84760302750396
1,1213,378.96877690065827
1,1214,112.84760302750396
1,1215,378.96877690065827
1,1216,334.65818138978534
1,1217,414.79690836538686
1,1218,160.13450453726782
1,1219,108.27098242111843
1,1220,423.58235140759905
1,1221,161.38130338607718
1,1222,334.65818138978534
1,1223,233.5630608590254
1,1224,334.65818138978534
1,1225,334.65818138978534
1,1226,105.56741196562157
1,1227,423.58235140759905
1,1228,317.44089519214765
1,1229,426.3137229180816
1,1230,334.65818138978534
1,1231,378.96877690065827
1,1232,475.4344389142135
1,1233,503.4612775331504
1,1234,108.27098242111843
1,1235,378.96877690065827
1,1236,112.84760302750396
1,1237,488.97285906865017
1,1238,108.27098242111843
1,1239,414.79690836538686
1,1240,334.65818138978534
1,1241,488.97285906865017
1,1242,110.42092983135565
1,1243,233.5630608590254
1,1244,488.97285906865017
1,1245,124.76376458317296
1,1246,488.97285906865017
1,1247,378.96877690065827
1,1248,475.4344389142135
1,1249,92.93785417595919
1,1250,423.58235140759905
1,1251,475.4344389142135
1,1252,488.97285906865017
1,1253,110.42092983135565
1,1254,390.48559145335304
1,1255,423.58235140759905
1,1256,233.5630608590254
1,1257,110.42092983135565
1,1258,412.0655368549043
1,1259,412.0655368549043
1,1260,378.96877690065827
1,1261,108.27098242111843
1,1262,488.97285906865017
1,1263,110.42092983135565
1,1264,233.5630608590254
1,1265,488.97285906865017
1,1266,334.65818138978534
1,1267,488.97285906865017
1,1268,108.27098242111843
1,1269,423.58235140759905
1,1270,503.4612775331504
1,1271,99.65360449911849
1,1272,334.65818138978534
1,1273,475.4344389142135
1,1274,378.96877690065827
1,1275,463.91762436151873
1,1276,423.58235140759905
1,1277,99.65360449911849
1,1278,423.58235140759905
1,1279,334.65818138978534
1,1280,233.5630608590254
1,1281,233.5630608590254
1,1282,463.91762436151873
1,1283,100.21804523784155
1,1284,475.4344389142135
1,1285,334.65818138978534
1,1286,108.27098242111843
1,1287,297.57874997694023
1,1288,412.0655368549043
1,1289,163.6738459993312
1,1290,488.97285906865017
1,1291,516.0817032114859
1,1292,414.79690836538686
1,1293,110.42092983135565
1,1294,334.65818138978534
1,1295,233.5630608590254
1,1296,334.65818138978534
1,1297,108.27098242111843
1,1298,488.97285906865017
1,1299,160.13450453726782
1,1300,108.27098242111843
1,1301,112.84760302750396
1,1302,488.97285906865017
1,1303,108.27098242111843
1,1304,92.93785417595919
1,1305,233.5630608590254
1,1306,423.58235140759905
1,1307,640.9474333218415
1,1308,426.3137229180816
1,1309,99.65360449911849
1,1310,475.4344389142135
1,1311,110.42092983135565
1,1312,297.57874997694023
1,1313,233.5630608590254
1,1314,423.58235140759905
1,1315,108.27098242111843
1,1316,475.4344389142135
1,1317,99.65360449911849
1,1318,426.3137229180816
1,1319,334.65818138978534
1,1320,475.4344389142135
1,1321,108.27098242111843
1,1322,378.96877690065827
1,1323,233.5630608590254
1,1324,475.4344389142135
1,1325,99.65360449911849
1,1326,475.4344389142135
1,1327,297.57874997694023
1,1328,390.48559145335304
1,1329,488.97285906865017
1,1330,488.97285906865017
1,1331,110.42092983135565
1,1332,233.5630608590254
1,1333,488.97285906865017
1,1334,92.93785417595919
1,1335,475.4344389142135
1,1336,412.0655368549043
1,1337,414.79690836538686
1,1338,423.58235140759905
1,1339,108.27098242111843
1,1340,414.79690836538686
1,1341,378.96877690065827
1,1342,334.65818138978534
1,1343,488.97285906865017
1,1344,110.42092983135565
1,1345,233.5630608590254
1,1346,488.97285906865017
1,1347,99.65360449911849
1,1348,233.5630608590254
1,1349,475.4344389142135
1,1350,488.97285906865017
1,1351,414.79690836538686
1,1352,488.97285906865017
1,1353,488.97285906865017
1,1354,160.13450453726782
1,1355,390.304199957784
1,1356,378.96877690065827
1,1357,112.84760302750396
1,1358,423.58235140759905
1,1359,108.27098242111843
1,1360,414.79690836538686
1,1361,334.65818138978534
1,1362,488.97285906865017
1,1363,110.42092983135565
1,1364,233.5630608590254
1,1365,488.97285906865017
1,1366,519.3626138937109
1,1367,334.65818138978534
1,1368,423.58235140759905
1,1369,158.79265230997973
1,1370,412.0655368549043
1,1371,112.84760302750396
1,1372,334.65818138978534
1,1373,511.9507819368148
1,1374,233.5630608590254
1,1375,112.84760302750396
1,1376,414.79690836538686
1,1377,346.1749959424801
1,1378,406.5136534965861
1,1379,110.42092983135565
1,1380,390.48559145335304
1,1381,503.4612775331504
1,1382,158.40429364836152
1,1383,233.5630608590254
1,1384,233.5630608590254
1,1385,92.93785417595919
1,1386,475.4344389142135
1,1387,488.97285906865017
1,1388,108.27098242111843
1,1389,414.79690836538686
1,1390,378.96877690065827
1,1391,488.97285906865017
1,1392,110.42092983135565
1,1393,233.5630608590254
1,1394,524.7294530454681
1,1395,488.97285906865017
1,1396,488.97285906865017
1,1397,112.84760302750396
1,1398,412.0655368549043
1,1399,423.58235140759905
1,1400,99.65360449911849
1,1401,412.0655368549043
1,1402,334.65818138978534
1,1403,112.84760302750396
1,1404,426.3137229180816
1,1405,233.5630608590254
1,1406,423.58235140759905
1,1407,163.6738459993312
1,1408,233.5630608590254
1,1409,297.57874997694023
1,1410,108.27098242111843
1,1411,488.97285906865017
1,1412,378.96877690065827
1,1413,488.97285906865017
1,1414,503.4612775331504
1,1415,92.93785417595919
1,1416,488.97285906865017
1,1417,99.65360449911849
1,1418,92.93785417595919
1,1419,524.7294530454681
1,1420,378.96877690065827
1,1421,112.84760302750396
1,1422,334.65818138978534
1,1423,297.57874997694023
1,1424,426.3137229180816
1,1425,108.27098242111843
1,1426,92.93785417595919
1,1427,412.0655368549043
1,1428,488.97285906865017
1,1429,423.58235140759905
1,1430,108.27098242111843
1,1431,378.96877690065827
1,1432,112.84760302750396
1,1433,426.3137229180816
1,1434,488.97285906865017
1,1435,391.9974983983126
1,1436,233.5630608590254
1,1437,412.0655368549043
1,1438,163.6738459993312
1,1439,110.42092983135565
1,1440,390.48559145335304
1,1441,110.42092983135565
1,1442,426.3137229180816
1,1443,423.58235140759905
1,1444,488.97285906865017
1,1445,157.7483808207016
1,1446,426.3137229180816
1,1447,414.79690836538686
1,1448,503.4612775331504
1,1449,488.97285906865017
1,1450,160.13450453726782
1,1451,390.304199957784
1,1452,233.5630608590254
1,1453,488.97285906865017
1,1454,108.27098242111843
1,1455,357.20661959944954
1,1456,414.79690836538686
1,1457,334.65818138978534
1,1458,475.4344389142135
1,1459,426.3137229180816
1,1460,110.42092983135565
1,1461,423.58235140759905
1,1462,426.3137229180816
1,1463,99.65360449911849
1,1464,412.0655368549043
1,1465,503.4612775331504
1,1466,157.7483808207016
1,1467,369.51224031187394
1,1468,233.5630608590254
1,1469,233.5630608590254
1,1470,390.48559145335304
1,1471,233.5630608590254
1,1472,412.0655368549043
1,1473,158.79265230997973
1,1474,426.3137229180816
1,1475,100.21804523784155
1,1476,426.3137229180816
1,1477,378.96877690065827
1,1478,112.84760302750396
1,1479,423.58235140759905
1,1480,108.27098242111843
1,1481,414.79690836538686
1,1482,110.42092983135565
1,1483,297.57874997694023
1,1484,390.48559145335304
1,1485,233.5630608590254
1,1486,112.84760302750396
1,1487,414.79690836538686
1,1488,346.1749959424801
1,1489,406.5136534965861
1,1490,414.79690836538686
1,1491,390.48559145335304
1,1492,112.84760302750396
1,1493,488.97285906865017
1,1494,334.65818138978534
1,1495,297.57874997694023
1,1496,233.5630608590254
1,1497,110.42092983135565
1,1498,423.58235140759905
1,1499,426.3137229180816
1,1500,524.7294530454681
1,1501,108.37449442969354
1,1502,488.97285906865017
1,1503,488.97285906865017
1,1504,108.27098242111843
1,1505,233.5630608590254
1,1506,426.3137229180816
1,1507,108.27098242111843
1,1508,475.4344389142135
1,1509,108.27098242111843
1,1510,297.57874997694023
1,1511,108.27098242111843
1,1512,488.97285906865017
1,1513,423.58235140759905
1,1514,160.13450453726782
1,1515,124.76376458317296
1,1516,163.6738459993312
1,1517,390.304199957784
1,1518,378.96877690065827
1,1519,475.4344389142135
1,1520,233.5630608590254
1,1521,423.58235140759905
1,1522,108.27098242111843
1,1523,414.79690836538686
1,1524,488.97285906865017
1,1525,112.84760302750396
1,1526,423.58235140759905
1,1527,334.65818138978534
1,1528,488.97285906865017
1,1529,108.27098242111843
1,1530,423.58235140759905
1,1531,503.4612775331504
1,1532,99.65360449911849
1,1533,112.84760302750396
1,1534,488.97285906865017
1,1535,110.42092983135565
1,1536,233.5630608590254
1,1537,488.97285906865017
1,1538,339.55884572395126
1,1539,465.09201041101596
1,1540,414.79690836538686
1,1541,334.65818138978534
1,1542,412.0655368549043
1,1543,475.4344389142135
1,1544,108.27098242111843
1,1545,92.93785417595919
1,1546,378.96877690065827
1,1547,488.97285906865017
1,1548,108.27098242111843
1,1549,378.96877690065827
1,1550,112.84760302750396
1,1551,475.4344389142135
1,1552,426.3137229180816
1,1553,110.42092983135565
1,1554,233.5630608590254
1,1555,108.27098242111843
1,1556,412.0655368549043
1,1557,426.3137229180816
1,1558,108.27098242111843
1,1559,414.79690836538686
1,1560,334.65818138978534
1,1561,488.97285906865017
1,1562,110.42092983135565
1,1563,390.48559145335304
1,1564,488.97285906865017
1,1565,475.4344389142135
1,1566,233.5630608590254
1,1567,110.42092983135565
1,1568,406.5136534965861
1,1569,426.3137229180816
1,1570,108.27098242111843
1,1571,414.79690836538686
1,1572,378.96877690065827
1,1573,488.97285906865017
1,1574,110.42092983135565
1,1575,233.5630608590254
1,1576,488.97285906865017
1,1577,412.0655368549043
1,1578,163.6738459993312
1,1579,475.4344389142135
1,1580,99.65360449911849
1,1581,233.5630608590254
1,1582,378.96877690065827
1,1583,110.42092983135565
1,1584,297.57874997694023
1,1585,112.84760302750396
1,1586,488.97285906865017
1,1587,160.13450453726782
1,1588,406.5136534965861
1,1589,233.5630608590254
1,1590,160.13450453726782
1,1591,412.0655368549043
1,1592,108.37449442969354
1,1593,297.57874997694023
1,1594,110.42092983135565
1,1595,406.5136534965861
1,1596,100.21804523784155
1,1597,297.57874997694023
1,1598,112.84760302750396
1,1599,378.96877690065827
1,1600,105.56741196562157
1,1601,108.27098242111843
1,1602,160.13450453726782
1,1603,297.57874997694023
1,1604,162.83950998581588
1,1605,160.13450453726782
1,1606,488.97285906865017
1,1607,108.27098242111843
1,1608,463.91762436151873
1,1609,423.58235140759905
1,1610,108.27098242111843
1,1611,334.65818138978534
1,1612,112.84760302750396
1,1613,112.84760302750396
1,1614,475.4344389142135
1,1615,108.27098242111843
1,1616,100.21804523784155
1,1617,423.58235140759905
1,1618,108.27098242111843
1,1619,334.65818138978534
1,1620,163.6738459993312
1,1621,108.27098242111843
1,1622,378.96877690065827
1,1623,415.9712944148841
1,1624,334.65818138978534
1,1625,378.96877690065827
1,1626,297.57874997694023
1,1627,503.4612775331504
1,1628,110.42092983135565
1,1629,477.4560445159554
1,1630,334.65818138978534
1,1631,108.27098242111843
1,1632,491.9444629804556
1,1633,426.3137229180816
1,1634,491.9444629804556
1,1635,160.13450453726782
1,1636,297.57874997694023
1,1637,124.76376458317296
1,1638,378.96877690065827
1,1639,233.5630608590254
1,1640,163.6738459993312
1,1641,297.57874997694023
1,1642,100.21804523784155
1,1643,334.65818138978534
1,1644,108.27098242111843
1,1645,160.13450453726782
1,1646,297.57874997694023
1,1647,233.5630608590254
1,1648,334.65818138978534
1,1649,108.37449442969354
1,1650,297.57874997694023
1,1651,110.42092983135565
1,1652,406.5136534965861
1,1653,100.21804523784155
1,1654,297.57874997694023
1,1655,112.84760302750396
1,1656,378.96877690065827
1,1657,105.56741196562157
1,1658,108.27098242111843
1,1659,160.13450453726782
1,1660,297.57874997694023
1,1661,105.56741196562157
1,1662,160.13450453726782
1,1663,297.57874997694023
1,1664,108.27098242111843
1,1665,334.65818138978534
1,1666,406.5136534965861
1,1667,108.27098242111843
1,1668,160.13450453726782
1,1669,297.57874997694023
1,1670,100.21804523784155
1,1671,475.4344389142135
1,1672,108.27098242111843
1,1673,463.91762436151873
1,1674,488.97285906865017
1,1675,99.65360449911849
1,1676,334.65818138978534
1,1677,390.48559145335304
1,1678,108.27098242111843
1,1679,334.65818138978534
1,1680,112.84760302750396
1,1681,112.84760302750396
1,1682,475.4344389142135
1,1683,108.27098242111843
1,1684,100.21804523784155
1,1685,423.58235140759905
1,1686,108.27098242111843
1,1687,334.65818138978534
1,1688,163.6738459993312
1,1689,108.27098242111843
1,1690,378.96877690065827
1,1691,334.65818138978534
1,1692,108.27098242111843
1,1693,491.9444629804556
1,1694,488.97285906865017
1,1695,99.65360449911849
1,1696,334.65818138978534
1,1697,390.48559145335304
1,1698,415.9712944148841
1,1699,334.65818138978534
1,1700,378.96877690065827
1,1701,297.57874997694023
1,1702,503.4612775331504
1,1703,110.42092983135565
1,1704,477.4560445159554
1,1705,108.27098242111843
1,1706,100.21804523784155
1,1707,334.65818138978534
1,1708,108.27098242111843
1,1709,160.13450453726782
1,1710,297.57874997694023
1,1711,233.5630608590254
1,1712,414.79690836538686
1,1713,163.6738459993312
1,1714,163.6738459993312
1,1715,297.57874997694023
1,1716,233.5630608590254
1,1717,233.5630608590254
1,1718,463.91762436151873
1,1719,108.27098242111843
1,1720,112.84760302750396
1,1721,412.0655368549043
1,1722,475.4344389142135
1,1723,426.3137229180816
1,1724,108.27098242111843
1,1725,414.79690836538686
1,1726,112.84760302750396
1,1727,503.4612775331504
1,1728,334.65818138978534
1,1729,488.97285906865017
1,1730,233.5630608590254
1,1731,426.3137229180816
1,1732,108.27098242111843
1,1733,233.5630608590254
1,1734,412.0655368549043
1,1735,92.93785417595919
1,1736,378.96877690065827
1,1737,110.42092983135565
1,1738,233.5630608590254
1,1739,475.4344389142135
1,1740,488.97285906865017
1,1741,233.5630608590254
1,1742,110.42092983135565
1,1743,477.4560445159554
1,1744,334.65818138978534
1,1745,92.93785417595919
1,1746,390.48559145335304
1,1747,475.4344389142135
1,1748,108.27098242111843
1,1749,412.0655368549043
1,1750,99.65360449911849
1,1751,488.97285906865017
1,1752,112.84760302750396
1,1753,475.4344389142135
1,1754,157.7483808207016
1,1755,297.57874997694023
1,1756,423.58235140759905
1,1757,233.5630608590254
1,1758,297.57874997694023
1,1759,108.27098242111843
1,1760,488.97285906865017
1,1761,108.27098242111843
1,1762,233.5630608590254
1,1763,157.7483808207016
1,1764,105.56741196562157
1,1765,503.4612775331504
1,1766,108.27098242111843
1,1767,334.65818138978534
1,1768,475.4344389142135
1,1769,92.93785417595919
1,1770,488.97285906865017
1,1771,99.65360449911849
1,1772,108.27098242111843
1,1773,475.4344389142135
1,1774,108.27098242111843
1,1775,92.93785417595919
1,1776,297.57874997694023
1,1777,390.48559145335304
1,1778,110.42092983135565
1,1779,334.65818138978534
1,1780,346.1749959424801
1,1781,412.0655368549043
1,1782,426.3137229180816
1,1783,108.27098242111843
1,1784,414.79690836538686
1,1785,108.27098242111843
1,1786,105.56741196562157
1,1787,378.96877690065827
1,1788,378.96877690065827
1,1789,108.27098242111843
1,1790,475.4344389142135
1,1791,233.5630608590254
1,1792,108.27098242111843
1,1793,233.5630608590254
1,1794,334.65818138978534
1,1795,112.84760302750396
1,1796,334.65818138978534
1,1797,426.3137229180816
1,1798,99.65360449911849
1,1799,233.5630608590254
1,1800,297.57874997694023
1,1801,412.0655368549043
1,1802,108.27098242111843
1,1803,334.65818138978534
1,1804,423.58235140759905
1,1805,99.65360449911849
1,1806,108.27098242111843
1,1807,412.0655368549043
1,1808,488.97285906865017
1,1809,105.56741196562157
1,1810,112.84760302750396
1,1811,233.5630608590254
1,1812,297.57874997694023
1,1813,110.42092983135565
1,1814,163.6738459993312
1,1815,412.0655368549043
1,1816,108.27098242111843
1,1817,100.21804523784155
1,1818,233.5630608590254
1,1819,488.97285906865017
1,1820,233.5630608590254
1,1821,488.97285906865017
1,1822,160.13450453726782
1,1823,390.304199957784
1,1824,475.4344389142135
1,1825,165.22563370238208
1,1826,503.4612775331504
1,1827,110.42092983135565
1,1828,233.5630608590254
1,1829,488.97285906865017
1,1830,233.5630608590254
1,1831,412.0655368549043
1,1832,108.27098242111843
1,1833,475.4344389142135
1,1834,334.65818138978534
1,1835,99.65360449911849
1,1836,233.5630608590254
1,1837,297.57874997694023
1,1838,108.27098242111843
1,1839,488.97285906865017
1,1840,110.42092983135565
1,1841,412.0655368549043
1,1842,334.65818138978534
1,1843,426.3137229180816
1,1844,524.7294530454681
1,1845,108.27098242111843
1,1846,414.79690836538686
1,1847,334.65818138978534
1,1848,475.4344389142135
1,1849,233.5630608590254
1,1850,233.5630608590254
1,1851,414.79690836538686
1,1852,110.42092983135565
1,1853,414.79690836538686
1,1854,108.27098242111843
1,1855,503.4612775331504
1,1856,426.3137229180816
1,1857,110.42092983135565
1,1858,426.3137229180816
1,1859,124.76376458317296
1,1860,378.96877690065827
1,1861,110.42092983135565
1,1862,475.4344389142135
1,1863,334.65818138978534
1,1864,100.21804523784155
1,1865,378.96877690065827
1,1866,297.57874997694023
1,1867,378.96877690065827
1,1868,108.27098242111843
1,1869,412.0655368549043
1,1870,110.42092983135565
1,1871,297.57874997694023
1,1872,108.27098242111843
1,1873,297.57874997694023
1,1874,524.7294530454681
1,1875,108.27098242111843
1,1876,414.79690836538686
1,1877,378.96877690065827
1,1878,488.97285906865017
1,1879,110.42092983135565
1,1880,491.9444629804556
1,1881,423.58235140759905
1,1882,112.84760302750396
1,1883,233.5630608590254
1,1884,503.4612775331504
1,1885,493.1037803433212
1,1886,74.79012025867445
1,1887,334.65818138978534
1,1888,297.57874997694023
1,1889,381.65506989511505
1,1890,112.84760302750396
1,1891,297.57874997694023
1,1892,426.3137229180816
1,1893,105.56741196562157
1,1894,412.0655368549043
1,1895,334.65818138978534
1,1896,233.5630608590254
1,1897,334.65818138978534
1,1898,108.27098242111843
1,1899,297.57874997694023
1,1900,163.6738459993312
1,1901,110.42092983135565
1,1902,233.5630608590254
1,1903,233.5630608590254
1,1904,297.57874997694023
1,1905,423.58235140759905
1,1906,414.79690836538686
1,1907,475.4344389142135
1,1908,112.84760302750396
1,1909,414.79690836538686
1,1910,108.27098242111843
1,1911,297.57874997694023
1,1912,99.65360449911849
1,1913,110.42092983135565
1,1914,297.57874997694023
1,1915,233.5630608590254
1,1916,112.84760302750396
1,1917,378.96877690065827
1,1918,112.84760302750396
1,1919,233.5630608590254
1,1920,426.3137229180816
1,1921,378.96877690065827
1,1922,233.5630608590254
1,1923,112.84760302750396
1,1924,378.96877690065827
1,1925,334.65818138978534
1,1926,334.65818138978534
1,1927,112.84760302750396
1,1928,412.0655368549043
1,1929,390.48559145335304
1,1930,297.57874997694023
1,1931,163.6738459993312
1,1932,233.5630608590254
1,1933,297.57874997694023
1,1934,233.5630608590254
1,1935,233.5630608590254
1,1936,390.48559145335304
1,1937,334.65818138978534
1,1938,99.65360449911849
1,1939,233.5630608590254
1,1940,233.5630608590254
1,1941,297.57874997694023
1,1942,412.0655368549043
1,1943,334.65818138978534
1,1944,108.27098242111843
1,1945,390.48559145335304
1,1946,112.84760302750396
1,1947,112.84760302750396
1,1948,233.5630608590254
1,1949,110.42092983135565
1,1950,334.65818138978534
1,1951,378.96877690065827
1,1952,105.56741196562157
1,1953,233.5630608590254
1,1954,233.5630608590254
1,1955,112.84760302750396
1,1956,334.65818138978534
1,1957,160.13450453726782
1,1958,297.57874997694023
1,1959,112.84760302750396
1,1960,378.96877690065827
1,1961,163.6738459993312
1,1962,110.42092983135565
1,1963,334.65818138978534
1,1964,334.65818138978534
1,1965,99.65360449911849
1,1966,92.93785417595919
1,1967,378.96877690065827
1,1968,297.57874997694023
1,1969,334.65818138978534
1,1970,297.57874997694023
1,1971,233.5630608590254
1,1972,426.3137229180816
1,1973,334.65818138978534
1,1974,92.93785417595919
1,1975,233.5630608590254
1,1976,234.24220286789824
1,1977,414.79690836538686
1,1978,163.6738459993312
1,1979,378.96877690065827
1,1980,297.57874997694023
1,1981,112.84760302750396
1,1982,163.6738459993312
1,1983,99.65360449911849
1,1984,112.84760302750396
1,1985,334.65818138978534
1,1986,412.0655368549043
1,1987,334.65818138978534
1,1988,112.84760302750396
1,1989,233.5630608590254
1,1990,100.21804523784155
1,1991,426.3137229180816
1,1992,108.27098242111843
1,1993,297.57874997694023
1,1994,297.57874997694023
1,1995,334.65818138978534
1,1996,163.6738459993312
1,1997,334.65818138978534
1,1998,378.96877690065827
1,1999,108.27098242111843
1,2000,92.93785417595919
1,2001,378.96877690065827
1,2002,108.27098242111843
1,2003,108.27098242111843
1,2004,334.65818138978534
1,2005,112.84760302750396
1,2006,378.96877690065827
1,2007,112.84760302750396
1,2008,412.0655368549043
1,2009,297.57874997694023
1,2010,297.57874997694023
1,2011,163.6738459993312
1,2012,334.65818138978534
1,2013,74.79012025867445
1,2014,297.57874997694023
1,2015,163.6738459993312
1,2016,233.5630608590254
1,2017,233.5630608590254
1,2018,112.84760302750396
1,2019,412.0655368549043
1,2020,99.65360449911849
1,2021,233.5630608590254
1,2022,297.57874997694023
1,2023,163.6738459993312
1,2024,503.4612775331504
1,2025,110.42092983135565
1,2026,334.65818138978534
1,2027,378.96877690065827
1,2028,157.7483808207016
1,2029,233.5630608590254
1,2030,414.79690836538686
1,2031,233.5630608590254
1,2032,112.84760302750396
1,2033,334.65818138978534
1,2034,297.57874997694023
1,2035,110.42092983135565
1,2036,163.6738459993312
1,2037,99.65360449911849
1,2038,233.5630608590254
1,2039,378.96877690065827
1,2040,233.5630608590254
1,2041,475.4344389142135
1,2042,233.5630608590254
1,2043,475.4344389142135
1,2044,390.48559145335304
1,2045,378.96877690065827
1,2046,334.65818138978534
1,2047,112.84760302750396
1,2048,163.6738459993312
1,2049,233.5630608590254
1,2050,378.96877690065827
1,2051,112.84760302750396
1,2052,297.57874997694023
1,2053,163.6738459993312
1,2054,391.9974983983126
1,2055,390.48559145335304
1,2056,163.6738459993312
1,2057,108.27098242111843
1,2058,99.65360449911849
1,2059,414.79690836538686
1,2060,412.0655368549043
1,2061,99.65360449911849
1,2062,334.65818138978534
1,2063,112.84760302750396
1,2064,378.96877690065827
1,2065,378.96877690065827
1,2066,108.27098242111843
1,2067,412.0655368549043
1,2068,105.56741196562157
1,2069,334.65818138978534
1,2070,99.65360449911849
1,2071,163.6738459993312
1,2072,100.21804523784155
1,2073,477.4560445159554
1,2074,108.27098242111843
1,2075,233.5630608590254
1,2076,266.90304391266636
1,2077,161.38130338607718
1,2078,163.6738459993312
1,2079,390.48559145335304
1,2080,99.65360449911849
1,2081,334.65818138978534
1,2082,297.57874997694023
1,2083,414.79690836538686
1,2084,233.5630608590254
1,2085,233.5630608590254
1,2086,233.5630608590254
1,2087,163.6738459993312
1,2088,423.58235140759905
1,2089,426.3137229180816
1,2090,108.27098242111843
1,2091,390.48559145335304
1,2092,108.27098242111843
1,2093,112.84760302750396
1,2094,334.65818138978534
1,2095,163.6738459993312
1,2096,160.13450453726782
1,2097,163.6738459993312
1,2098,233.5630608590254
1,2099,297.57874997694023
1,2100,92.93785417595919
1,2101,475.4344389142135
1,2102,112.84760302750396
1,2103,426.3137229180816
1,2104,99.65360449911849
1,2105,233.5630608590254
1,2106,105.56741196562157
1,2107,99.65360449911849
1,2108,160.13450453726782
1,2109,108.27098242111843
1,2110,112.84760302750396
1,2111,378.96877690065827
1,2112,100.21804523784155
1,2113,390.48559145335304
1,2114,488.97285906865017
1,2115,233.5630608590254
1,2116,112.84760302750396
1,2117,233.5630608590254
1,2118,297.57874997694023
1,2119,108.27098242111843
1,2120,309.095564529635
1,2121,92.93785417595919
1,2122,297.57874997694023
1,2123,108.27098242111843
1,2124,233.5630608590254
1,2125,463.91762436151873
1,2126,412.0655368549043
1,2127,108.27098242111843
1,2128,163.6738459993312
1,2129,160.13450453726782
1,2130,378.96877690065827
1,2131,110.42092983135565
1,2132,378.96877690065827
1,2133,108.27098242111843
1,2134,297.57874997694023
1,2135,99.65360449911849
1,2136,233.5630608590254
1,2137,297.57874997694023
1,2138,423.58235140759905
1,2139,297.57874997694023
1,2140,108.27098242111843
1,2141,233.5630608590254
1,2142,297.57874997694023
1,2143,334.65818138978534
1,2144,524.7294530454681
1,2145,161.38130338607718
1,2146,297.57874997694023
1,2147,110.42092983135565
1,2148,378.96877690065827
1,2149,157.7483808207016
1,2150,297.57874997694023
1,2151,100.21804523784155
1,2152,297.57874997694023
1,2153,99.65360449911849
1,2154,112.84760302750396
1,2155,297.57874997694023
1,2156,108.27098242111843
1,2157,108.27098242111843
1,2158,112.84760302750396
1,2159,297.57874997694023
1,2160,112.84760302750396
1,2161,163.6738459993312
1,2162,99.65360449911849
1,2163,378.96877690065827
1,2164,163.6738459993312
1,2165,112.84760302750396
1,2166,423.58235140759905
1,2167,112.84760302750396
1,2168,108.27098242111843
1,2169,334.65818138978534
1,2170,334.65818138978534
1,2171,157.7483808207016
1,2172,233.5630608590254
1,2173,99.65360449911849
1,2174,297.57874997694023
1,2175,112.84760302750396
1,2176,233.5630608590254
1,2177,414.79690836538686
1,2178,112.84760302750396
1,2179,112.84760302750396
1,2180,378.96877690065827
1,2181,381.65506989511505
1,2182,112.84760302750396
1,2183,297.57874997694023
1,2184,112.84760302750396
1,2185,233.5630608590254
1,2186,108.27098242111843
1,2187,423.58235140759905
1,2188,463.91762436151873
1,2189,112.84760302750396
1,2190,390.48559145335304
1,2191,112.84760302750396
1,2192,297.57874997694023
1,2193,426.3137229180816
1,2194,378.96877690065827
1,2195,108.27098242111843
1,2196,233.5630608590254
1,2197,233.5630608590254
1,2198,110.42092983135565
1,2199,297.57874997694023
1,2200,112.84760302750396
1,2201,414.79690836538686
1,2202,108.27098242111843
1,2203,412.0655368549043
1,2204,163.6738459993312
1,2205,105.56741196562157
1,2206,309.095564529635
1,2207,423.58235140759905
1,2208,346.1749959424801
1,2209,112.84760302750396
1,2210,112.84760302750396
1,2211,412.0655368549043
1,2212,297.57874997694023
1,2213,160.13450453726782
1,2214,378.96877690065827
1,2215,233.5630608590254
1,2216,112.84760302750396
1,2217,554.6168356329439
1,2218,163.6738459993312
1,2219,112.84760302750396
1,2220,414.79690836538686
1,2221,334.65818138978534
1,2222,503.4612775331504
1,2223,99.65360449911849
1,2224,390.48559145335304
1,2225,233.5630608590254
1,2226,334.65818138978534
1,2227,112.84760302750396
1,2228,297.57874997694023
1,2229,391.9974983983126
1,2230,378.96877690065827
1,2231,423.58235140759905
1,2232,378.96877690065827
1,2233,112.84760302750396
1,2234,233.5630608590254
1,2235,112.84760302750396
1,2236,297.57874997694023
1,2237,233.5630608590254
1,2238,390.48559145335304
1,2239,112.84760302750396
1,2240,233.5630608590254
1,2241,112.84760302750396
1,2242,412.0655368549043
1,2243,112.84760302750396
1,2244,378.96877690065827
1,2245,233.5630608590254
1,2246,110.42092983135565
1,2247,423.58235140759905
1,2248,233.5630608590254
1,2249,233.5630608590254
1,2250,390.48559145335304
1,2251,100.21804523784155
1,2252,378.96877690065827
1,2253,334.65818138978534
1,2254,233.5630608590254
1,2255,503.4612775331504
1,2256,233.5630608590254
1,2257,346.1749959424801
1,2258,110.42092983135565
1,2259,334.65818138978534
1,2260,233.5630608590254
1,2261,233.5630608590254
1,2262,112.84760302750396
1,2263,334.65818138978534
1,2264,297.57874997694023
1,2265,297.57874997694023
1,2266,297.57874997694023
1,2267,105.56741196562157
1,2268,334.65818138978534
1,2269,297.57874997694023
1,2270,100.21804523784155
1,2271,378.96877690065827
1,2272,233.5630608590254
1,2273,334.65818138978534
1,2274,233.5630608590254
1,2275,378.96877690065827
1,2276,475.4344389142135
1,2277,233.5630608590254
1,2278,100.21804523784155
1,2279,412.0655368549043
1,2280,108.27098242111843
1,2281,297.57874997694023
1,2282,99.65360449911849
1,2283,412.0655368549043
1,2284,99.65360449911849
1,2285,112.84760302750396
1,2286,334.65818138978534
1,2287,426.3137229180816
1,2288,112.84760302750396
1,2289,233.5630608590254
1,2290,108.27098242111843
1,2291,297.57874997694023
1,2292,163.6738459993312
1,2293,160.13450453726782
1,2294,233.5630608590254
1,2295,233.5630608590254
1,2296,334.65818138978534
1,2297,108.27098242111843
1,2298,112.84760302750396
1,2299,112.84760302750396
1,2300,412.0655368549043
1,2301,108.27098242111843
1,2302,334.65818138978534
1,2303,112.84760302750396
1,2304,378.96877690065827
1,2305,112.84760302750396
1,2306,378.96877690065827
1,2307,334.65818138978534
1,2308,414.79690836538686
1,2309,160.13450453726782
1,2310,108.27098242111843
1,2311,423.58235140759905
1,2312,161.38130338607718
1,2313,334.65818138978534
1,2314,233.5630608590254
1,2315,334.65818138978534
1,2316,334.65818138978534
1,2317,105.56741196562157
1,2318,423.58235140759905
1,2319,317.44089519214765
1,2320,426.3137229180816
1,2321,334.65818138978534
1,2322,378.96877690065827
1,2323,475.4344389142135
1,2324,503.4612775331504
1,2325,108.27098242111843
1,2326,378.96877690065827
1,2327,112.84760302750396
1,2328,488.97285906865017
1,2329,108.27098242111843
1,2330,414.79690836538686
1,2331,334.65818138978534
1,2332,488.97285906865017
1,2333,110.42092983135565
1,2334,233.5630608590254
1,2335,488.97285906865017
1,2336,124.76376458317296
1,2337,488.97285906865017
1,2338,378.96877690065827
1,2339,475.4344389142135
1,2340,92.93785417595919
1,2341,423.58235140759905
1,2342,475.4344389142135
1,2343,488.97285906865017
1,2344,110.42092983135565
1,2345,390.48559145335304
1,2346,423.58235140759905
1,2347,233.5630608590254
1,2348,110.42092983135565
1,2349,412.0655368549043
1,2350,412.0655368549043
1,2351,378.96877690065827
1,2352,108.27098242111843
1,2353,488.97285906865017
1,2354,110.42092983135565
1,2355,233.5630608590254
1,2356,488.97285906865017
1,2357,334.65818138978534
1,2358,488.97285906865017
1,2359,108.27098242111843
1,2360,423.58235140759905
1,2361,503.4612775331504
1,2362,99.65360449911849
1,2363,334.65818138978534
1,2364,475.4344389142135
1,2365,378.96877690065827
1,2366,463.91762436151873
1,2367,423.58235140759905
1,2368,99.65360449911849
1,2369,423.58235140759905
1,2370,334.65818138978534
1,2371,233.5630608590254
1,2372,233.5630608590254
1,2373,463.91762436151873
1,2374,100.21804523784155
1,2375,475.4344389142135
1,2376,334.65818138978534
1,2377,108.27098242111843
1,2378,297.57874997694023
1,2379,412.0655368549043
1,2380,163.6738459993312
1,2381,488.97285906865017
1,2382,516.0817032114859
1,2383,414.79690836538686
1,2384,110.42092983135565
1,2385,334.65818138978534
1,2386,233.5630608590254
1,2387,334.65818138978534
1,2388,108.27098242111843
1,2389,488.97285906865017
1,2390,160.13450453726782
1,2391,108.27098242111843
1,2392,112.84760302750396
1,2393,488.97285906865017
1,2394,108.27098242111843
1,2395,92.93785417595919
1,2396,233.5630608590254
1,2397,423.58235140759905
1,2398,640.9474333218415
1,2399,426.3137229180816
1,2400,99.65360449911849
1,2401,475.4344389142135
1,2402,110.42092983135565
1,2403,297.57874997694023
1,2404,233.5630608590254
1,2405,423.58235140759905
1,2406,108.27098242111843
1,2407,475.4344389142135
1,2408,99.65360449911849
1,2409,426.3137229180816
1,2410,334.65818138978534
1,2411,475.4344389142135
1,2412,108.27098242111843
1,2413,378.96877690065827
1,2414,233.5630608590254
1,2415,475.4344389142135
1,2416,99.65360449911849
1,2417,475.4344389142135
1,2418,297.57874997694023
1,2419,390.48559145335304
1,2420,488.97285906865017
1,2421,488.97285906865017
1,2422,110.42092983135565
1,2423,233.5630608590254
1,2424,488.97285906865017
1,2425,92.93785417595919
1,2426,475.4344389142135
1,2427,412.0655368549043
1,2428,414.79690836538686
1,2429,423.58235140759905
1,2430,108.27098242111843
1,2431,414.79690836538686
1,2432,378.96877690065827
1,2433,334.65818138978534
1,2434,488.97285906865017
1,2435,110.42092983135565
1,2436,233.5630608590254
1,2437,488.97285906865017
1,2438,99.65360449911849
1,2439,233.5630608590254
1,2440,475.4344389142135
1,2441,488.97285906865017
1,2442,414.79690836538686
1,2443,488.97285906865017
1,2444,488.97285906865017
1,2445,160.13450453726782
1,2446,390.304199957784
1,2447,378.96877690065827
1,2448,112.84760302750396
1,2449,423.58235140759905
1,2450,108.27098242111843
1,2451,414.79690836538686
1,2452,334.65818138978534
1,2453,488.97285906865017
1,2454,110.42092983135565
1,2455,233.5630608590254
1,2456,488.97285906865017
1,2457,519.3626138937109
1,2458,334.65818138978534
1,2459,423.58235140759905
1,2460,158.79265230997973
1,2461,412.0655368549043
1,2462,112.84760302750396
1,2463,334.65818138978534
1,2464,511.9507819368148
1,2465,233.5630608590254
1,2466,112.84760302750396
1,2467,414.79690836538686
1,2468,346.1749959424801
1,2469,406.5136534965861
1,2470,110.42092983135565
1,2471,390.48559145335304
1,2472,503.4612775331504
1,2473,158.40429364836152
1,2474,233.5630608590254
1,2475,233.5630608590254
1,2476,92.93785417595919
1,2477,475.4344389142135
1,2478,488.97285906865017
1,2479,108.27098242111843
1,2480,414.79690836538686
1,2481,378.96877690065827
1,2482,488.97285906865017
1,2483,110.42092983135565
1,2484,233.5630608590254
1,2485,524.7294530454681
1,2486,488.97285906865017
1,2487,488.97285906865017
1,2488,112.84760302750396
1,2489,412.0655368549043
1,2490,423.58235140759905
1,2491,99.65360449911849
1,2492,412.0655368549043
1,2493,334.65818138978534
1,2494,112.84760302750396
1,2495,426.3137229180816
1,2496,233.5630608590254
1,2497,423.58235140759905
1,2498,163.6738459993312
1,2499,233.5630608590254
1,2500,297.57874997694023
1,2501,108.27098242111843
1,2502,488.97285906865017
1,2503,378.96877690065827
1,2504,488.97285906865017
1,2505,503.4612775331504
1,2506,92.93785417595919
1,2507,488.97285906865017
1,2508,99.65360449911849
1,2509,92.93785417595919
1,2510,524.7294530454681
1,2511,378.96877690065827
1,2512,112.84760302750396
1,2513,334.65818138978534
1,2514,297.57874997694023
1,2515,426.3137229180816
1,2516,108.27098242111843
1,2517,92.93785417595919
1,2518,412.0655368549043
1,2519,488.97285906865017
1,2520,423.58235140759905
1,2521,108.27098242111843
1,2522,378.96877690065827
1,2523,112.84760302750396
1,2524,426.3137229180816
1,2525,488.97285906865017
1,2526,391.9974983983126
1,2527,233.5630608590254
1,2528,412.0655368549043
1,2529,163.6738459993312
1,2530,110.42092983135565
1,2531,390.48559145335304
1,2532,110.42092983135565
1,2533,426.3137229180816
1,2534,423.58235140759905
1,2535,488.97285906865017
1,2536,157.7483808207016
1,2537,426.3137229180816
1,2538,414.79690836538686
1,2539,503.4612775331504
1,2540,488.97285906865017
1,2541,160.13450453726782
1,2542,390.304199957784
1,2543,233.5630608590254
1,2544,488.97285906865017
1,2545,108.27098242111843
1,2546,357.20661959944954
1,2547,414.79690836538686
1,2548,334.65818138978534
1,2549,475.4344389142135
1,2550,426.3137229180816
1,2551,110.42092983135565
1,2552,423.58235140759905
1,2553,426.3137229180816
1,2554,99.65360449911849
1,2555,412.0655368549043
1,2556,503.4612775331504
1,2557,157.7483808207016
1,2558,369.51224031187394
1,2559,233.5630608590254
1,2560,233.5630608590254
1,2561,390.48559145335304
1,2562,233.5630608590254
1,2563,412.0655368549043
1,2564,158.79265230997973
1,2565,426.3137229180816
1,2566,100.21804523784155
1,2567,426.3137229180816
1,2568,378.96877690065827
1,2569,112.84760302750396
1,2570,423.58235140759905
1,2571,108.27098242111843
1,2572,414.79690836538686
1,2573,110.42092983135565
1,2574,297.57874997694023
1,2575,390.48559145335304
1,2576,233.5630608590254
1,2577,112.84760302750396
1,2578,414.79690836538686
1,2579,346.1749959424801
1,2580,406.5136534965861
1,2581,414.79690836538686
1,2582,390.48559145335304
1,2583,112.84760302750396
1,2584,488.97285906865017
1,2585,334.65818138978534
1,2586,297.57874997694023
1,2587,233.5630608590254
1,2588,110.42092983135565
1,2589,423.58235140759905
1,2590,426.3137229180816
1,2591,524.7294530454681
1,2592,108.37449442969354
1,2593,488.97285906865017
1,2594,488.97285906865017
1,2595,108.27098242111843
1,2596,233.5630608590254
1,2597,426.3137229180816
1,2598,108.27098242111843
1,2599,475.4344389142135
1,2600,108.27098242111843
1,2601,297.57874997694023
1,2602,108.27098242111843
1,2603,488.97285906865017
1,2604,423.58235140759905
1,2605,160.13450453726782
1,2606,124.76376458317296
1,2607,163.6738459993312
1,2608,390.304199957784
1,2609,378.96877690065827
1,2610,475.4344389142135
1,2611,233.5630608590254
1,2612,423.58235140759905
1,2613,108.27098242111843
1,2614,414.79690836538686
1,2615,488.97285906865017
1,2616,112.84760302750396
1,2617,423.58235140759905
1,2618,334.65818138978534
1,2619,488.97285906865017
1,2620,108.27098242111843
1,2621,423.58235140759905
1,2622,503.4612775331504
1,2623,99.65360449911849
1,2624,112.84760302750396
1,2625,488.97285906865017
1,2626,110.42092983135565
1,2627,233.5630608590254
1,2628,488.97285906865017
1,2629,339.55884572395126
1,2630,465.09201041101596
1,2631,414.79690836538686
1,2632,334.65818138978534
1,2633,412.0655368549043
1,2634,475.4344389142135
1,2635,108.27098242111843
1,2636,92.93785417595919
1,2637,378.96877690065827
1,2638,488.97285906865017
1,2639,108.27098242111843
1,2640,378.96877690065827
1,2641,112.84760302750396
1,2642,475.4344389142135
1,2643,426.3137229180816
1,2644,110.42092983135565
1,2645,233.5630608590254
1,2646,108.27098242111843
1,2647,412.0655368549043
1,2648,426.3137229180816
1,2649,108.27098242111843
1,2650,414.79690836538686
1,2651,334.65818138978534
1,2652,488.97285906865017
1,2653,110.42092983135565
1,2654,390.48559145335304
1,2655,488.97285906865017
1,2656,475.4344389142135
1,2657,233.5630608590254
1,2658,110.42092983135565
1,2659,406.5136534965861
1,2660,426.3137229180816
1,2661,108.27098242111843
1,2662,414.79690836538686
1,2663,378.96877690065827
1,2664,488.97285906865017
1,2665,110.42092983135565
1,2666,233.5630608590254
1,2667,488.97285906865017
1,2668,412.0655368549043
1,2669,163.6738459993312
1,2670,475.4344389142135
1,2671,99.65360449911849
1,2672,233.5630608590254
1,2673,378.96877690065827
1,2674,110.42092983135565
1,2675,297.57874997694023
1,2676,112.84760302750396
1,2677,488.97285906865017
1,2678,160.13450453726782
1,2679,406.5136534965861
1,2680,233.5630608590254
1,2681,160.13450453726782
1,2682,412.0655368549043
1,2683,108.37449442969354
1,2684,297.57874997694023
1,2685,110.42092983135565
1,2686,406.5136534965861
1,2687,100.21804523784155
1,2688,297.57874997694023
1,2689,112.84760302750396
1,2690,378.96877690065827
1,2691,105.56741196562157
1,2692,108.27098242111843
1,2693,160.13450453726782
1,2694,297.57874997694023
1,2695,162.83950998581588
1,2696,160.13450453726782
1,2697,488.97285906865017
1,2698,108.27098242111843
1,2699,463.91762436151873
1,2700,423.58235140759905
1,2701,108.27098242111843
1,2702,334.65818138978534
1,2703,112.84760302750396
1,2704,112.84760302750396
1,2705,475.4344389142135
1,2706,108.27098242111843
1,2707,100.21804523784155
1,2708,423.58235140759905
1,2709,108.27098242111843
1,2710,334.65818138978534
1,2711,163.6738459993312
1,2712,108.27098242111843
1,2713,378.96877690065827
1,2714,415.9712944148841
1,2715,334.65818138978534
1,2716,378.96877690065827
1,2717,297.57874997694023
1,2718,503.4612775331504
1,2719,110.42092983135565
1,2720,477.4560445159554
1,2721,334.65818138978534
1,2722,108.27098242111843
1,2723,491.9444629804556
1,2724,426.3137229180816
1,2725,491.9444629804556
1,2726,160.13450453726782
1,2727,297.57874997694023
1,2728,124.76376458317296
1,2729,378.96877690065827
1,2730,233.5630608590254
1,2731,163.6738459993312
1,2732,297.57874997694023
1,2733,100.21804523784155
1,2734,334.65818138978534
1,2735,108.27098242111843
1,2736,160.13450453726782
1,2737,297.57874997694023
1,2738,233.5630608590254
1,2739,334.65818138978534
1,2740,108.37449442969354
1,2741,297.57874997694023
1,2742,110.42092983135565
1,2743,406.5136534965861
1,2744,100.21804523784155
1,2745,297.57874997694023
1,2746,112.84760302750396
1,2747,378.96877690065827
1,2748,105.56741196562157
1,2749,108.27098242111843
1,2750,160.13450453726782
1,2751,297.57874997694023
1,2752,105.56741196562157
1,2753,160.13450453726782
1,2754,297.57874997694023
1,2755,108.27098242111843
1,2756,334.65818138978534
1,2757,406.5136534965861
1,2758,108.27098242111843
1,2759,160.13450453726782
1,2760,297.57874997694023
1,2761,100.21804523784155
1,2762,475.4344389142135
1,2763,108.27098242111843
1,2764,463.91762436151873
1,2765,488.97285906865017
1,2766,99.65360449911849
1,2767,334.65818138978534
1,2768,390.48559145335304
1,2769,108.27098242111843
1,2770,334.65818138978534
1,2771,112.84760302750396
1,2772,112.84760302750396
1,2773,475.4344389142135
1,2774,108.27098242111843
1,2775,100.21804523784155
1,2776,423.58235140759905
1,2777,108.27098242111843
1,2778,334.65818138978534
1,2779,163.6738459993312
1,2780,108.27098242111843
1,2781,378.96877690065827
1,2782,334.65818138978534
1,2783,108.27098242111843
1,2784,491.9444629804556
1,2785,488.97285906865017
1,2786,99.65360449911849
1,2787,334.65818138978534
1,2788,390.48559145335304
1,2789,415.9712944148841
1,2790,334.65818138978534
1,2791,378.96877690065827
1,2792,297.57874997694023
1,2793,503.4612775331504
1,2794,110.42092983135565
1,2795,477.4560445159554
1,2796,108.27098242111843
1,2797,100.21804523784155
1,2798,334.65818138978534
1,2799,108.27098242111843
1,2800,160.13450453726782
1,2801,297.57874997694023
1,2802,233.5630608590254
1,2803,414.79690836538686
1,2804,163.6738459993312
1,2805,163.6738459993312
1,2806,297.57874997694023
1,2807,233.5630608590254
1,2808,233.5630608590254
1,2809,463.91762436151873
1,2810,108.27098242111843
1,2811,112.84760302750396
1,2812,412.0655368549043
1,2813,475.4344389142135
1,2814,426.3137229180816
1,2815,108.27098242111843
1,2816,414.79690836538686
1,2817,112.84760302750396
1,2818,503.4612775331504
1,2819,334.65818138978534
1,2820,488.97285906865017
1,2821,233.5630608590254
1,2822,426.3137229180816
1,2823,108.27098242111843
1,2824,233.5630608590254
1,2825,412.0655368549043
1,2826,92.93785417595919
1,2827,378.96877690065827
1,2828,110.42092983135565
1,2829,233.5630608590254
1,2830,475.4344389142135
1,2831,488.97285906865017
1,2832,233.5630608590254
1,2833,110.42092983135565
1,2834,477.4560445159554
1,2835,334.65818138978534
1,2836,92.93785417595919
1,2837,390.48559145335304
1,2838,475.4344389142135
1,2839,108.27098242111843
1,2840,412.0655368549043
1,2841,99.65360449911849
1,2842,488.97285906865017
1,2843,112.84760302750396
1,2844,475.4344389142135
1,2845,157.7483808207016
1,2846,297.57874997694023
1,2847,423.58235140759905
1,2848,233.5630608590254
1,2849,297.57874997694023
1,2850,108.27098242111843
1,2851,488.97285906865017
1,2852,108.27098242111843
1,2853,233.5630608590254
1,2854,157.7483808207016
1,2855,105.56741196562157
1,2856,503.4612775331504
1,2857,108.27098242111843
1,2858,334.65818138978534
1,2859,475.4344389142135
1,2860,92.93785417595919
1,2861,488.97285906865017
1,2862,99.65360449911849
1,2863,108.27098242111843
1,2864,475.4344389142135
1,2865,108.27098242111843
1,2866,92.93785417595919
1,2867,297.57874997694023
1,2868,390.48559145335304
1,2869,110.42092983135565
1,2870,334.65818138978534
1,2871,346.1749959424801
1,2872,412.0655368549043
1,2873,426.3137229180816
1,2874,108.27098242111843
1,2875,414.79690836538686
1,2876,108.27098242111843
1,2877,105.56741196562157
1,2878,378.96877690065827
1,2879,378.96877690065827
1,2880,108.27098242111843
1,2881,475.4344389142135
1,2882,233.5630608590254
1,2883,108.27098242111843
1,2884,233.5630608590254
1,2885,334.65818138978534
1,2886,112.84760302750396
1,2887,334.65818138978534
1,2888,426.3137229180816
1,2889,99.65360449911849
1,2890,233.5630608590254
1,2891,297.57874997694023
1,2892,412.0655368549043
1,2893,108.27098242111843
1,2894,334.65818138978534
1,2895,423.58235140759905
1,2896,99.65360449911849
1,2897,108.27098242111843
1,2898,412.0655368549043
1,2899,488.97285906865017
1,2900,105.56741196562157
1,2901,112.84760302750396
1,2902,233.5630608590254
1,2903,297.57874997694023
1,2904,110.42092983135565
1,2905,163.6738459993312
1,2906,412.0655368549043
1,2907,108.27098242111843
1,2908,100.21804523784155
1,2909,233.5630608590254
1,2910,488.97285906865017
1,2911,233.5630608590254
1,2912,488.97285906865017
1,2913,160.13450453726782
1,2914,390.304199957784
1,2915,475.4344389142135
1,2916,165.22563370238208
1,2917,503.4612775331504
1,2918,110.42092983135565
1,2919,233.5630608590254
1,2920,488.97285906865017
1,2921,233.5630608590254
1,2922,412.0655368549043
1,2923,108.27098242111843
1,2924,475.4344389142135
1,2925,334.65818138978534
1,2926,99.65360449911849
1,2927,233.5630608590254
1,2928,297.57874997694023
1,2929,108.27098242111843
1,2930,488.97285906865017
1,2931,110.42092983135565
1,2932,412.0655368549043
1,2933,334.65818138978534
1,2934,426.3137229180816
1,2935,524.7294530454681
1,2936,108.27098242111843
1,2937,414.79690836538686
1,2938,334.65818138978534
1,2939,475.4344389142135
1,2940,233.5630608590254
1,2941,233.5630608590254
1,2942,414.79690836538686
1,2943,110.42092983135565
1,2944,414.79690836538686
1,2945,108.27098242111843
1,2946,503.4612775331504
1,2947,426.3137229180816
1,2948,110.42092983135565
1,2949,426.3137229180816
1,2950,124.76376458317296
1,2951,378.96877690065827
1,2952,110.42092983135565
1,2953,475.4344389142135
1,2954,334.65818138978534
1,2955,100.21804523784155
1,2956,378.96877690065827
1,2957,297.57874997694023
1,2958,378.96877690065827
1,2959,108.27098242111843
1,2960,412.0655368549043
1,2961,110.42092983135565
1,2962,297.57874997694023
1,2963,108.27098242111843
1,2964,297.57874997694023
1,2965,524.7294530454681
1,2966,108.27098242111843
1,2967,414.79690836538686
1,2968,378.96877690065827
1,2969,488.97285906865017
1,2970,110.42092983135565
1,2971,491.9444629804556
1,2972,423.58235140759905
1,2973,112.84760302750396
1,2974,233.5630608590254
1,2975,503.4612775331504
1,2976,345.2065470573199
1,2977,107.75597030444105
1,2978,222.52943425553477
1,2979,74.27510814199708
1,2980,430.02547471134193
1,2981,112.33259091082658
1,2982,357.92164021339767
1,2983,345.2065470573199
1,2984,306.75996356219093
1,2985,345.2065470573199
1,2986,306.75996356219093
1,2987,92.42284205928182
1,2988,156.9444128000589
1,2989,280.2722207049211
1,2990,107.75597030444105
1,2991,222.52943425553477
1,2992,222.52943425553477
1,2993,222.52943425553477
1,2994,345.2065470573199
1,2995,476.7488573083366
1,2996,107.75597030444105
1,2997,222.52943425553477
1,2998,345.2065470573199
1,2999,259.23403251536956
1,3000,306.18527412077924
1,3001,99.1385923824411
1,3002,154.5582890834927
1,3003,222.52943425553477
1,3004,112.33259091082658
1,3005,99.70303312116418
1,3006,357.92164021339767
1,3007,109.90591771467827
1,3008,222.52943425553477
1,3009,447.8314931899635
1,3010,92.42284205928182
1,3011,280.2722207049211
1,3012,107.75597030444105
1,3013,306.75996356219093
1,3014,112.33259091082658
1,3015,280.2722207049211
1,3016,109.90591771467827
1,3017,345.2065470573199
1,3018,222.52943425553477
1,3019,306.75996356219093
1,3020,372.39753796312317
1,3021,107.75597030444105
1,3022,125.52100801609606
1,3023,357.92164021339767
1,3024,112.33259091082658
1,3025,160.4837542621223
1,3026,160.4837542621223
1,3027,280.2722207049211
1,3028,280.2722207049211
1,3029,107.75597030444105
1,3030,280.2722207049211
1,3031,105.05239984894419
1,3032,280.2722207049211
1,3033,280.2722207049211
1,3034,112.33259091082658
1,3035,419.32865728210504
1,3036,112.33259091082658
1,3037,222.52943425553477
1,3038,107.75597030444105
1,3039,306.75996356219093
1,3040,259.23403251536956
1,3041,306.18527412077924
1,3042,99.1385923824411
1,3043,154.5582890834927
1,3044,222.52943425553477
1,3045,357.92164021339767
1,3046,109.90591771467827
1,3047,372.6286567085442
1,3048,107.75597030444105
1,3049,345.2065470573199
1,3050,385.343749864622
1,3051,347.89284005177666
1,3052,154.5582890834927
1,3053,111.29531176650443
1,3054,99.70303312116418
1,3055,345.2065470573199
1,3056,112.33259091082658
1,3057,406.61356412602726
1,3058,306.75996356219093
1,3059,306.75996356219093
1,3060,107.75597030444105
1,3061,306.75996356219093
1,3062,154.5582890834927
1,3063,222.52943425553477
1,3064,306.75996356219093
1,3065,306.75996356219093
1,3066,372.6286567085442
1,3067,99.1385923824411
1,3068,112.33259091082658
1,3069,372.6286567085442
1,3070,419.32865728210504
1,3071,480.87977858300764
1,3072,385.11263111920096
1,3073,419.32865728210504
1,3074,345.2065470573199
1,3075,99.1385923824411
1,3076,385.343749864622
1,3077,107.75597030444105
1,3078,419.32865728210504
1,3079,306.75996356219093
1,3080,345.2065470573199
1,3081,156.9444128000589
1,3082,154.5582890834927
1,3083,306.75996356219093
1,3084,99.1385923824411
1,3085,222.52943425553477
1,3086,430.02547471134193
1,3087,107.75597030444105
1,3088,372.6286567085442
1,3089,109.90591771467827
1,3090,160.4837542621223
1,3091,372.6286567085442
1,3092,430.02547471134193
1,3093,385.343749864622
1,3094,222.52943425553477
1,3095,107.75597030444105
1,3096,156.9444128000589
1,3097,107.75597030444105
1,3098,280.2722207049211
1,3099,347.89284005177666
1,3100,357.92164021339767
1,3101,222.52943425553477
1,3102,419.32865728210504
1,3103,112.33259091082658
1,3104,156.9444128000589
1,3105,222.52943425553477
1,3106,306.75996356219093
1,3107,107.75597030444105
1,3108,280.2722207049211
1,3109,112.33259091082658
1,3110,160.4837542621223
1,3111,105.05239984894419
1,3112,280.2722207049211
1,3113,385.343749864622
1,3114,385.343749864622
1,3115,385.11263111920096
1,3116,357.92164021339767
1,3117,160.4837542621223
1,3118,160.4837542621223
1,3119,306.75996356219093
1,3120,406.61356412602726
1,3121,430.02547471134193
1,3122,107.75597030444105
1,3123,385.11263111920096
1,3124,92.42284205928182
1,3125,357.92164021339767
1,3126,306.75996356219093
1,3127,99.1385923824411
1,3128,222.52943425553477
1,3129,385.11263111920096
1,3130,306.75996356219093
1,3131,372.6286567085442
1,3132,385.11263111920096
1,3133,385.11263111920096
1,3134,430.02547471134193
1,3135,112.33259091082658
1,3136,160.4837542621223
1,3137,406.61356412602726
1,3138,222.52943425553477
1,3139,306.75996356219093
1,3140,222.52943425553477
1,3141,160.4837542621223
1,3142,419.32865728210504
1,3143,99.1385923824411
1,3144,345.2065470573199
1,3145,306.75996356219093
1,3146,306.75996356219093
1,3147,385.11263111920096
1,3148,419.32865728210504
1,3149,107.75597030444105
1,3150,280.2722207049211
1,3151,160.4837542621223
1,3152,372.6286567085442
1,3153,109.90591771467827
1,3154,345.2065470573199
1,3155,156.9444128000589
1,3156,385.11263111920096
1,3157,456.2553725129371
1,3158,107.75597030444105
1,3159,419.32865728210504
1,3160,345.2065470573199
1,3161,373.5719240126204
1,3162,430.02547471134193
1,3163,385.11263111920096
1,3164,107.75597030444105
1,3165,306.75996356219093
1,3166,112.33259091082658
1,3167,306.75996356219093
1,3168,385.11263111920096
1,3169,107.75597030444105
1,3170,222.52943425553477
1,3171,345.2065470573199
1,3172,154.5582890834927
1,3173,222.52943425553477
1,3174,107.75597030444105
1,3175,346.52326370465704
1,3176,107.75597030444105
1,3177,385.343749864622
1,3178,156.9444128000589
1,3179,319.4750567182687
1,3180,107.75597030444105
1,3181,222.52943425553477
1,3182,385.11263111920096
1,3183,385.11263111920096
1,3184,112.33259091082658
1,3185,99.70303312116418
1,3186,385.343749864622
1,3187,107.75597030444105
1,3188,521.8054294670643
1,3189,107.75597030444105
1,3190,222.52943425553477
1,3191,460.45191886829895
1,3192,107.75597030444105
1,3193,419.32865728210504
1,3194,107.75597030444105
1,3195,357.92164021339767
1,3196,222.52943425553477
1,3197,222.52943425553477
1,3198,280.2722207049211
1,3199,306.75996356219093
1,3200,160.4837542621223
1,3201,280.2722207049211
1,3202,372.6286567085442
1,3203,107.75597030444105
1,3204,222.52943425553477
1,3205,280.2722207049211
1,3206,319.4750567182687
1,3207,222.52943425553477
1,3208,112.33259091082658
1,3209,345.2065470573199
1,3210,306.75996356219093
1,3211,112.33259091082658
1,3212,280.2722207049211
1,3213,222.52943425553477
1,3214,357.92164021339767
1,3215,162.03554196517317
1,3216,99.1385923824411
1,3217,372.6286567085442
1,3218,222.52943425553477
1,3219,222.52943425553477
1,3220,280.2722207049211
1,3221,306.75996356219093
1,3222,306.75996356219093
1,3223,385.11263111920096
1,3224,160.4837542621223
1,3225,222.52943425553477
1,3226,107.75597030444105
1,3227,222.52943425553477
1,3228,107.75597030444105
1,3229,280.2722207049211
1,3230,99.1385923824411
1,3231,107.75597030444105
1,3232,345.2065470573199
1,3233,332.6730169780491
1,3234,385.11263111920096
1,3235,345.2065470573199
1,3236,222.52943425553477
1,3237,385.343749864622
1,3238,107.75597030444105
1,3239,319.4750567182687
1,3240,156.9444128000589
1,3241,222.52943425553477
1,3242,345.2065470573199
1,3243,385.11263111920096
1,3244,306.75996356219093
1,3245,372.6286567085442
1,3246,447.8314931899635
1,3247,400.78174162475943
1,3248,419.32865728210504
1,3249,419.32865728210504
1,3250,385.343749864622
1,3251,306.75996356219093
1,3252,107.75597030444105
1,3253,372.6286567085442
1,3254,107.75597030444105
1,3255,306.75996356219093
1,3256,372.6286567085442
1,3257,345.2065470573199
1,3258,99.1385923824411
1,3259,385.11263111920096
1,3260,345.2065470573199
1,3261,280.2722207049211
1,3262,306.75996356219093
1,3263,385.11263111920096
1,3264,160.4837542621223
1,3265,112.33259091082658
1,3266,107.75597030444105
1,3267,306.75996356219093
1,3268,280.2722207049211
1,3269,345.2065470573199
1,3270,306.75996356219093
1,3271,419.32865728210504
1,3272,306.75996356219093
1,3273,159.64941824860696
1,3274,430.02547471134193
1,3275,99.1385923824411
1,3276,306.75996356219093
1,3277,372.6286567085442
1,3278,385.11263111920096
1,3279,385.343749864622
1,3280,419.32865728210504
1,3281,107.75597030444105
1,3282,306.75996356219093
1,3283,430.02547471134193
1,3284,156.9444128000589
1,3285,306.75996356219093
1,3286,430.02547471134193
1,3287,406.61356412602726
1,3288,372.39753796312317
1,3289,385.343749864622
1,3290,156.9444128000589
1,3291,385.11263111920096
1,3292,345.2065470573199
1,3293,406.61356412602726
1,3294,112.33259091082658
1,3295,222.52943425553477
1,3296,306.75996356219093
1,3297,372.39753796312317
1,3298,385.343749864622
1,3299,99.1385923824411
1,3300,419.32865728210504
1,3301,112.33259091082658
1,3302,419.32865728210504
1,3303,430.02547471134193
1,3304,419.32865728210504
1,3305,99.1385923824411
1,3306,92.42284205928182
1,3307,345.2065470573199
1,3308,107.75597030444105
1,3309,345.2065470573199
1,3310,280.2722207049211
1,3311,357.92164021339767
1,3312,222.52943425553477
1,3313,385.11263111920096
1,3314,306.75996356219093
1,3315,222.52943425553477
1,3316,99.1385923824411
1,3317,222.52943425553477
1,3318,385.343749864622
1,3319,160.4837542621223
1,3320,280.2722207049211
1,3321,306.75996356219093
1,3322,222.52943425553477
1,3323,112.33259091082658
1,3324,372.6286567085442
1,3325,447.8314931899635
1,3326,306.75996356219093
1,3327,222.52943425553477
1,3328,160.4837542621223
1,3329,160.4837542621223
1,3330,280.2722207049211
1,3331,306.75996356219093
1,3332,107.75597030444105
1,3333,345.2065470573199
1,3334,107.75597030444105
1,3335,222.52943425553477
1,3336,98.66575397684204
1,3337,160.4837542621223
1,3338,280.2722207049211
1,3339,345.2065470573199
1,3340,306.75996356219093
1,3341,372.6286567085442
1,3342,280.2722207049211
1,3343,160.4837542621223
1,3344,306.75996356219093
1,3345,385.343749864622
1,3346,222.52943425553477
1,3347,280.2722207049211
1,3348,306.75996356219093
1,3349,385.11263111920096
1,3350,280.2722207049211
1,3351,280.2722207049211
1,3352,107.75597030444105
1,3353,430.02547471134193
1,3354,98.66575397684204
1,3355,306.75996356219093
1,3356,112.33259091082658
1,3357,222.52943425553477
1,3358,222.52943425553477
1,3359,385.343749864622
1,3360,107.75597030444105
1,3361,280.2722207049211
1,3362,506.32329391523496
1,3363,406.61356412602726
1,3364,385.343749864622
1,3365,372.39753796312317
1,3366,92.42284205928182
1,3367,430.02547471134193
1,3368,385.11263111920096
1,3369,430.02547471134193
1,3370,385.11263111920096
1,3371,345.2065470573199
1,3372,107.75597030444105
1,3373,112.33259091082658
1,3374,435.1164000338857
1,3375,306.75996356219093
1,3376,385.11263111920096
1,3377,419.32865728210504
1,3378,345.2065470573199
1,3379,385.11263111920096
1,3380,385.343749864622
1,3381,105.05239984894419
1,3382,385.343749864622
1,3383,276.5937709223219
1,3384,447.8314931899635
1,3385,385.343749864622
1,3386,332.6730169780491
1,3387,385.343749864622
1,3388,99.1385923824411
1,3389,385.343749864622
1,3390,385.343749864622
1,3391,385.11263111920096
1,3392,435.1164000338857
1,3393,306.75996356219093
1,3394,280.2722207049211
1,3395,406.61356412602726
1,3396,92.42284205928182
1,3397,222.52943425553477
1,3398,280.2722207049211
1,3399,406.61356412602726
1,3400,372.39753796312317
1,3401,306.75996356219093
1,3402,385.11263111920096
1,3403,345.2065470573199
1,3404,107.75597030444105
1,3405,112.33259091082658
1,3406,435.1164000338857
1,3407,158.19121164886826
1,3408,357.92164021339767
1,3409,419.32865728210504
1,3410,99.1385923824411
1,3411,419.32865728210504
1,3412,107.75597030444105
1,3413,222.52943425553477
1,3414,156.9444128000589
1,3415,319.4750567182687
1,3416,306.75996356219093
1,3417,222.52943425553477
1,3418,372.6286567085442
1,3419,107.75597030444105
1,3420,345.2065470573199
1,3421,345.2065470573199
1,3422,107.75597030444105
1,3423,112.33259091082658
1,3424,435.1164000338857
1,3425,345.2065470573199
1,3426,112.33259091082658
1,3427,372.6286567085442
1,3428,280.2722207049211
1,3429,385.11263111920096
1,3430,99.1385923824411
1,3431,280.2722207049211
1,3432,112.33259091082658
1,3433,419.32865728210504
1,3434,222.52943425553477
1,3435,372.6286567085442
1,3436,372.6286567085442
1,3437,345.2065470573199
1,3438,306.75996356219093
1,3439,419.32865728210504
1,3440,345.2065470573199
1,3441,439.0829596302473
1,3442,372.39753796312317
1,3443,488.9398640997344
1,3444,99.1385923824411
1,3445,280.2722207049211
1,3446,112.33259091082658
1,3447,419.32865728210504
1,3448,430.02547471134193
1,3449,105.05239984894419
1,3450,280.2722207049211
1,3451,107.75597030444105
1,3452,280.2722207049211
1,3453,222.52943425553477
1,3454,222.52943425553477
1,3455,107.75597030444105
1,3456,385.11263111920096
1,3457,107.75597030444105
1,3458,385.343749864622
1,3459,99.1385923824411
1,3460,107.75597030444105
1,3461,385.11263111920096
1,3462,306.75996356219093
1,3463,372.39753796312317
1,3464,280.2722207049211
1,3465,165.57488342723656
1,3466,259.23403251536956
1,3467,306.75996356219093
1,3468,419.32865728210504
1,3469,109.90591771467827
1,3470,385.11263111920096
1,3471,107.75597030444105
1,3472,112.33259091082658
1,3473,468.2593529046722
1,3474,156.9444128000589
1,3475,434.15639598601297
1,3476,372.39753796312317
1,3477,107.75597030444105
1,3478,345.2065470573199
1,3479,345.2065470573199
1,3480,99.70303312116418
1,3481,222.52943425553477
1,3482,107.75597030444105
1,3483,385.11263111920096
1,3484,430.02547471134193
1,3485,385.11263111920096
1,3486,476.7488573083366
1,3487,306.75996356219093
1,3488,345.2065470573199
1,3489,345.2065470573199
1,3490,346.52326370465704
1,3491,372.6286567085442
1,3492,345.2065470573199
1,3493,280.2722207049211
1,3494,105.05239984894419
1,3495,280.2722207049211
1,3496,259.23403251536956
1,3497,385.11263111920096
1,3498,107.75597030444105
1,3499,280.2722207049211
1,3500,430.02547471134193
1,3501,99.1385923824411
1,3502,430.02547471134193
1,3503,156.9444128000589
1,3504,385.343749864622
1,3505,345.2065470573199
1,3506,222.52943425553477
1,3507,107.75597030444105
1,3508,280.2722207049211
1,3509,112.33259091082658
1,3510,345.2065470573199
1,3511,280.2722207049211
1,3512,345.2065470573199
1,3513,345.2065470573199
1,3514,112.33259091082658
1,3515,306.75996356219093
1,3516,430.02547471134193
1,3517,345.2065470573199
1,3518,306.75996356219093
1,3519,156.9444128000589
1,3520,222.52943425553477
1,3521,385.343749864622
1,3522,419.32865728210504
1,3523,406.61356412602726
1,3524,99.70303312116418
1,3525,280.2722207049211
1,3526,372.39753796312317
1,3527,107.75597030444105
1,3528,306.75996356219093
1,3529,99.1385923824411
1,3530,107.75597030444105
1,3531,385.343749864622
1,3532,88.66312969546475
1,3533,155.2142019111526
1,3534,109.90591771467827
1,3535,280.2722207049211
1,3536,222.52943425553477
1,3537,99.70303312116418
1,3538,222.52943425553477
1,3539,280.2722207049211
1,3540,107.75597030444105
1,3541,385.343749864622
1,3542,105.05239984894419
1,3543,107.75597030444105
1,3544,385.343749864622
1,3545,99.1385923824411
1,3546,385.343749864622
1,3547,385.11263111920096
1,3548,222.52943425553477
1,3549,430.02547471134193
1,3550,107.75597030444105
1,3551,345.2065470573199
1,3552,280.2722207049211
1,3553,419.32865728210504
1,3554,306.75996356219093
1,3555,280.2722207049211
1,3556,372.39753796312317
1,3557,222.52943425553477
1,3558,372.6286567085442
1,3559,107.75597030444105
1,3560,460.09599028476765
1,3561,99.1385923824411
1,3562,107.75597030444105
1,3563,430.02547471134193
1,3564,447.8314931899635
1,3565,222.52943425553477
1,3566,306.75996356219093
1,3567,306.75996356219093
1,3568,460.09599028476765
1,3569,107.75597030444105
1,3570,280.2722207049211
1,3571,156.9444128000589
1,3572,385.343749864622
1,3573,345.2065470573199
1,3574,222.52943425553477
1,3575,372.6286567085442
1,3576,345.2065470573199
1,3577,280.2722207049211
1,3578,385.343749864622
1,3579,306.75996356219093
1,3580,447.8314931899635
1,3581,385.11263111920096
1,3582,460.45191886829895
1,3583,419.32865728210504
1,3584,385.343749864622
1,3585,107.75597030444105
1,3586,372.6286567085442
1,3587,372.6286567085442
1,3588,385.11263111920096
1,3589,419.32865728210504
1,3590,107.75597030444105
1,3591,419.32865728210504
1,3592,385.343749864622
1,3593,419.32865728210504
1,3594,385.11263111920096
1,3595,476.7488573083366
1,3596,306.75996356219093
1,3597,345.2065470573199
1,3598,372.6286567085442
1,3599,141.91027816957543
1,3600,419.32865728210504
1,3601,456.2553725129371
1,3602,259.23403251536956
1,3603,306.18527412077924
1,3604,99.1385923824411
1,3605,154.5582890834927
1,3606,345.2065470573199
1,3607,306.75996356219093
1,3608,357.92164021339767
1,3609,107.75597030444105
1,3610,92.42284205928182
1,3611,112.33259091082658
1,3612,160.4837542621223
1,3613,280.2722207049211
1,3614,280.2722207049211
1,3615,107.75597030444105
1,3616,222.52943425553477
1,3617,109.90591771467827
1,3618,385.343749864622
1,3619,154.5582890834927
1,3620,306.75996356219093
1,3621,74.27510814199708
1,3622,280.2722207049211
1,3623,107.75597030444105
1,3624,345.2065470573199
1,3625,107.75597030444105
1,3626,222.52943425553477
1,3627,92.42284205928182
1,3628,345.2065470573199
1,3629,222.52943425553477
1,3630,306.75996356219093
1,3631,306.18527412077924
1,3632,112.33259091082658
1,3633,222.52943425553477
1,3634,112.33259091082658
1,3635,345.2065470573199
1,3636,447.8314931899635
1,3637,74.27510814199708
1,3638,306.75996356219093
1,3639,156.9444128000589
1,3640,107.75597030444105
1,3641,156.9444128000589
1,3642,99.1385923824411
1,3643,112.33259091082658
1,3644,99.70303312116418
1,3645,345.2065470573199
1,3646,112.33259091082658
1,3647,160.4837542621223
1,3648,306.75996356219093
1,3649,345.2065470573199
1,3650,107.75597030444105
1,3651,280.2722207049211
1,3652,105.05239984894419
1,3653,306.75996356219093
1,3654,112.33259091082658
1,3655,222.52943425553477
1,3656,112.33259091082658
1,3657,112.33259091082658
1,3658,345.2065470573199
1,3659,160.4837542621223
1,3660,345.2065470573199
1,3661,222.52943425553477
1,3662,107.75597030444105
1,3663,280.2722207049211
1,3664,345.2065470573199
1,3665,357.92164021339767
1,3666,430.02547471134193
1,3667,154.5582890834927
1,3668,99.1385923824411
1,3669,154.5582890834927
1,3670,345.2065470573199
1,3671,385.11263111920096
1,3672,306.75996356219093
1,3673,107.75597030444105
1,3674,306.18527412077924
1,3675,99.1385923824411
1,3676,306.75996356219093
1,3677,306.75996356219093
1,3678,222.52943425553477
1,3679,385.343749864622
1,3680,107.75597030444105
1,3681,306.75996356219093
1,3682,893.3838953075538
1,3683,372.39753796312317
1,3684,112.33259091082658
1,3685,434.15639598601297
1,3686,280.2722207049211
1,3687,222.52943425553477
1,3688,385.343749864622
1,3689,105.05239984894419
1,3690,280.2722207049211
1,3691,107.75597030444105
1,3692,159.64941824860696
1,3693,105.05239984894419
1,3694,306.75996356219093
1,3695,372.6286567085442
1,3696,107.75597030444105
1,3697,447.8314931899635
1,3698,345.2065470573199
1,3699,107.75597030444105
1,3700,222.52943425553477
1,3701,406.61356412602726
1,3702,99.70303312116418
1,3703,280.2722207049211
1,3704,406.61356412602726
1,3705,92.42284205928182
1,3706,319.4750567182687
1,3707,460.09599028476765
1,3708,385.11263111920096
1,3709,345.2065470573199
1,3710,345.2065470573199
1,3711,107.75597030444105
1,3712,222.52943425553477
1,3713,112.33259091082658
1,3714,372.6286567085442
1,3715,342.7018171396701
1,3716,345.2065470573199
1,3717,357.92164021339767
1,3718,385.343749864622
1,3719,109.90591771467827
1,3720,306.75996356219093
1,3721,306.18527412077924
1,3722,99.1385923824411
1,3723,357.92164021339767
1,3724,345.2065470573199
1,3725,112.33259091082658
1,3726,280.2722207049211
1,3727,107.75597030444105
1,3728,280.2722207049211
1,3729,222.52943425553477
1,3730,156.9444128000589
1,3731,222.52943425553477
1,3732,109.90591771467827
1,3733,280.2722207049211
1,3734,154.5582890834927
1,3735,345.2065470573199
1,3736,107.75597030444105
1,3737,222.52943425553477
1,3738,406.61356412602726
1,3739,99.70303312116418
1,3740,280.2722207049211
1,3741,372.39753796312317
1,3742,109.90591771467827
1,3743,280.2722207049211
1,3744,280.2722207049211
1,3745,447.8314931899635
1,3746,109.90591771467827
1,3747,280.2722207049211
1,3748,345.2065470573199
1,3749,160.4837542621223
1,3750,160.4837542621223
1,3751,280.2722207049211
1,3752,372.39753796312317
1,3753,385.11263111920096
1,3754,107.75597030444105
1,3755,345.2065470573199
1,3756,112.33259091082658
1,3757,222.52943425553477
1,3758,385.11263111920096
1,3759,107.75597030444105
1,3760,372.6286567085442
1,3761,112.33259091082658
1,3762,222.52943425553477
1,3763,112.33259091082658
1,3764,419.32865728210504
1,3765,109.90591771467827
1,3766,160.4837542621223
1,3767,372.6286567085442
1,3768,385.11263111920096
1,3769,419.32865728210504
1,3770,318.4643571117261
1,3771,104.07555415863366
1,3772,412.96536740178794
1,3773,302.5842909205788
1,3774,415.6967389122705
1,3775,318.4643571117261
1,3776,370.0807776724573
1,3777,465.1032669417789
1,3778,493.2816657496735
1,3779,106.77912461413052
1,3780,370.0807776724573
1,3781,111.35574522051606
1,3782,478.79324728517327
1,3783,106.77912461413052
1,3784,407.6261750699517
1,3785,318.4643571117261
1,3786,478.79324728517327
1,3787,108.92907202436776
1,3788,216.97337070206197
1,3789,478.79324728517327
1,3790,123.27190677618505
1,3791,478.79324728517327
1,3792,370.0807776724573
1,3793,465.1032669417789
1,3794,91.44599636897128
1,3795,412.96536740178794
1,3796,465.1032669417789
1,3797,478.79324728517327
1,3798,108.92907202436776
1,3799,378.1513415147761
1,3800,412.96536740178794
1,3801,216.97337070206197
1,3802,108.92907202436776
1,3803,404.89480355946915
1,3804,404.89480355946915
1,3805,370.0807776724573
1,3806,106.77912461413052
1,3807,478.79324728517327
1,3808,108.92907202436776
1,3809,216.97337070206197
1,3810,478.79324728517327
1,3811,318.4643571117261
1,3812,478.79324728517327
1,3813,106.77912461413052
1,3814,412.96536740178794
1,3815,493.2816657496735
1,3816,98.16174669213056
1,3817,318.4643571117261
1,3818,465.1032669417789
1,3819,370.0807776724573
1,3820,457.0327030994601
1,3821,412.96536740178794
1,3822,98.16174669213056
1,3823,412.96536740178794
1,3824,318.4643571117261
1,3825,216.97337070206197
1,3826,216.97337070206197
1,3827,457.0327030994601
1,3828,98.72618743085364
1,3829,465.1032669417789
1,3830,318.4643571117261
1,3831,106.77912461413052
1,3832,280.6529401209823
1,3833,404.89480355946915
1,3834,160.5941280105064
1,3835,478.79324728517327
1,3836,505.90209142800893
1,3837,407.6261750699517
1,3838,108.92907202436776
1,3839,318.4643571117261
1,3840,216.97337070206197
1,3841,318.4643571117261
1,3842,106.77912461413052
1,3843,478.79324728517327
1,3844,157.05478654844302
1,3845,106.77912461413052
1,3846,111.35574522051606
1,3847,478.79324728517327
1,3848,106.77912461413052
1,3849,91.44599636897128
1,3850,216.97337070206197
1,3851,412.96536740178794
1,3852,630.8957225830835
1,3853,415.6967389122705
1,3854,98.16174669213056
1,3855,465.1032669417789
1,3856,108.92907202436776
1,3857,280.6529401209823
1,3858,216.97337070206197
1,3859,412.96536740178794
1,3860,106.77912461413052
1,3861,465.1032669417789
1,3862,98.16174669213056
1,3863,415.6967389122705
1,3864,318.4643571117261
1,3865,465.1032669417789
1,3866,106.77912461413052
1,3867,370.0807776724573
1,3868,216.97337070206197
1,3869,465.1032669417789
1,3870,98.16174669213056
1,3871,465.1032669417789
1,3872,280.6529401209823
1,3873,378.1513415147761
1,3874,478.79324728517327
1,3875,478.79324728517327
1,3876,108.92907202436776
1,3877,216.97337070206197
1,3878,478.79324728517327
1,3879,91.44599636897128
1,3880,465.1032669417789
1,3881,404.89480355946915
1,3882,407.6261750699517
1,3883,412.96536740178794
1,3884,106.77912461413052
1,3885,407.6261750699517
1,3886,370.0807776724573
1,3887,318.4643571117261
1,3888,478.79324728517327
1,3889,108.92907202436776
1,3890,216.97337070206197
1,3891,478.79324728517327
1,3892,98.16174669213056
1,3893,216.97337070206197
1,3894,465.1032669417789
1,3895,478.79324728517327
1,3896,407.6261750699517
1,3897,478.79324728517327
1,3898,478.79324728517327
1,3899,157.05478654844302
1,3900,383.4052766285728
1,3901,370.0807776724573
1,3902,111.35574522051606
1,3903,412.96536740178794
1,3904,106.77912461413052
1,3905,407.6261750699517
1,3906,318.4643571117261
1,3907,478.79324728517327
1,3908,108.92907202436776
1,3909,216.97337070206197
1,3910,478.79324728517327
1,3911,512.62925282061
1,3912,318.4643571117261
1,3913,412.96536740178794
1,3914,155.71293432115493
1,3915,404.89480355946915
1,3916,111.35574522051606
1,3917,318.4643571117261
1,3918,501.7711701533379
1,3919,216.97337070206197
1,3920,111.35574522051606
1,3921,407.6261750699517
1,3922,326.5349209540449
1,3923,400.0080914880998
1,3924,108.92907202436776
1,3925,378.1513415147761
1,3926,493.2816657496735
1,3927,155.32457565953672
1,3928,216.97337070206197
1,3929,216.97337070206197
1,3930,91.44599636897128
1,3931,465.1032669417789
1,3932,478.79324728517327
1,3933,106.77912461413052
1,3934,407.6261750699517
1,3935,370.0807776724573
1,3936,478.79324728517327
1,3937,108.92907202436776
1,3938,216.97337070206197
1,3939,517.9718265833435
1,3940,478.79324728517327
1,3941,478.79324728517327
1,3942,111.35574522051606
1,3943,404.89480355946915
1,3944,412.96536740178794
1,3945,98.16174669213056
1,3946,404.89480355946915
1,3947,318.4643571117261
1,3948,111.35574522051606
1,3949,415.6967389122705
1,3950,216.97337070206197
1,3951,412.96536740178794
1,3952,160.5941280105064
1,3953,216.97337070206197
1,3954,280.6529401209823
1,3955,106.77912461413052
1,3956,478.79324728517327
1,3957,370.0807776724573
1,3958,478.79324728517327
1,3959,493.2816657496735
1,3960,91.44599636897128
1,3961,478.79324728517327
1,3962,98.16174669213056
1,3963,91.44599636897128
1,3964,517.9718265833435
1,3965,370.0807776724573
1,3966,111.35574522051606
1,3967,318.4643571117261
1,3968,280.6529401209823
1,3969,415.6967389122705
1,3970,106.77912461413052
1,3971,91.44599636897128
1,3972,404.89480355946915
1,3973,478.79324728517327
1,3974,412.96536740178794
1,3975,106.77912461413052
1,3976,370.0807776724573
1,3977,111.35574522051606
1,3978,415.6967389122705
1,3979,478.79324728517327
1,3980,379.66324845973566
1,3981,216.97337070206197
1,3982,404.89480355946915
1,3983,160.5941280105064
1,3984,108.92907202436776
1,3985,378.1513415147761
1,3986,108.92907202436776
1,3987,415.6967389122705
1,3988,412.96536740178794
1,3989,478.79324728517327
1,3990,154.66866283187682
1,3991,415.6967389122705
1,3992,407.6261750699517
1,3993,493.2816657496735
1,3994,478.79324728517327
1,3995,157.05478654844302
1,3996,383.4052766285728
1,3997,216.97337070206197
1,3998,478.79324728517327
1,3999,106.77912461413052
1,4000,343.08200090577935
1,4001,407.6261750699517
1,4002,318.4643571117261
1,4003,465.1032669417789
1,4004,415.6967389122705
1,4005,108.92907202436776
1,4006,412.96536740178794
1,4007,415.6967389122705
1,4008,98.16174669213056
1,4009,404.89480355946915
1,4010,493.2816657496735
1,4011,154.66866283187682
1,4012,356.11710263792327
1,4013,216.97337070206197
1,4014,216.97337070206197
1,4015,378.1513415147761
1,4016,216.97337070206197
1,4017,404.89480355946915
1,4018,155.71293432115493
1,4019,415.6967389122705
1,4020,98.72618743085364
1,4021,415.6967389122705
1,4022,370.0807776724573
1,4023,111.35574522051606
1,4024,412.96536740178794
1,4025,106.77912461413052
1,4026,407.6261750699517
1,4027,108.92907202436776
1,4028,280.6529401209823
1,4029,378.1513415147761
1,4030,216.97337070206197
1,4031,111.35574522051606
1,4032,407.6261750699517
1,4033,326.5349209540449
1,4034,400.0080914880998
1,4035,407.6261750699517
1,4036,378.1513415147761
1,4037,111.35574522051606
1,4038,478.79324728517327
1,4039,318.4643571117261
1,4040,280.6529401209823
1,4041,216.97337070206197
1,4042,108.92907202436776
1,4043,412.96536740178794
1,4044,415.6967389122705
1,4045,517.9718265833435
1,4046,106.88263662270563
1,4047,478.79324728517327
1,4048,478.79324728517327
1,4049,106.77912461413052
1,4050,216.97337070206197
1,4051,415.6967389122705
1,4052,106.77912461413052
1,4053,465.1032669417789
1,4054,106.77912461413052
1,4055,280.6529401209823
1,4056,106.77912461413052
1,4057,478.79324728517327
1,4058,412.96536740178794
1,4059,157.05478654844302
1,4060,123.27190677618505
1,4061,160.5941280105064
1,4062,383.4052766285728
1,4063,370.0807776724573
1,4064,465.1032669417789
1,4065,216.97337070206197
1,4066,412.96536740178794
1,4067,106.77912461413052
1,4068,407.6261750699517
1,4069,478.79324728517327
1,4070,111.35574522051606
1,4071,412.96536740178794
1,4072,318.4643571117261
1,4073,478.79324728517327
1,4074,106.77912461413052
1,4075,412.96536740178794
1,4076,493.2816657496735
1,4077,98.16174669213056
1,4078,111.35574522051606
1,4079,478.79324728517327
1,4080,108.92907202436776
1,4081,216.97337070206197
1,4082,478.79324728517327
1,4083,333.053283715465
1,4084,458.2070891489573
1,4085,407.6261750699517
1,4086,318.4643571117261
1,4087,404.89480355946915
1,4088,465.1032669417789
1,4089,106.77912461413052
1,4090,91.44599636897128
1,4091,370.0807776724573
1,4092,478.79324728517327
1,4093,106.77912461413052
1,4094,370.0807776724573
1,4095,111.35574522051606
1,4096,465.1032669417789
1,4097,415.6967389122705
1,4098,108.92907202436776
1,4099,216.97337070206197
1,4100,106.77912461413052
1,4101,404.89480355946915
1,4102,415.6967389122705
1,4103,106.77912461413052
1,4104,407.6261750699517
1,4105,318.4643571117261
1,4106,478.79324728517327
1,4107,108.92907202436776
1,4108,378.1513415147761
1,4109,478.79324728517327
1,4110,465.1032669417789
1,4111,216.97337070206197
1,4112,108.92907202436776
1,4113,400.0080914880998
1,4114,415.6967389122705
1,4115,106.77912461413052
1,4116,407.6261750699517
1,4117,370.0807776724573
1,4118,478.79324728517327
1,4119,108.92907202436776
1,4120,216.97337070206197
1,4121,478.79324728517327
1,4122,404.89480355946915
1,4123,160.5941280105064
1,4124,465.1032669417789
1,4125,98.16174669213056
1,4126,216.97337070206197
1,4127,370.0807776724573
1,4128,108.92907202436776
1,4129,280.6529401209823
1,4130,111.35574522051606
1,4131,478.79324728517327
1,4132,157.05478654844302
1,4133,400.0080914880998
1,4134,216.97337070206197
1,4135,157.05478654844302
1,4136,404.89480355946915
1,4137,106.88263662270563
1,4138,280.6529401209823
1,4139,108.92907202436776
1,4140,400.0080914880998
1,4141,98.72618743085364
1,4142,280.6529401209823
1,4143,111.35574522051606
1,4144,370.0807776724573
1,4145,104.07555415863366
1,4146,106.77912461413052
1,4147,157.05478654844302
1,4148,280.6529401209823
1,4149,159.75979199699108
1,4150,157.05478654844302
1,4151,478.79324728517327
1,4152,106.77912461413052
1,4153,457.0327030994601
1,4154,412.96536740178794
1,4155,106.77912461413052
1,4156,318.4643571117261
1,4157,111.35574522051606
1,4158,111.35574522051606
1,4159,465.1032669417789
1,4160,106.77912461413052
1,4161,98.72618743085364
1,4162,412.96536740178794
1,4163,106.77912461413052
1,4164,318.4643571117261
1,4165,160.5941280105064
1,4166,106.77912461413052
1,4167,370.0807776724573
1,4168,408.80056111944896
1,4169,318.4643571117261
1,4170,370.0807776724573
1,4171,280.6529401209823
1,4172,493.2816657496735
1,4173,108.92907202436776
1,4174,470.7226834428545
1,4175,318.4643571117261
1,4176,106.77912461413052
1,4177,485.2111019073547
1,4178,415.6967389122705
1,4179,485.2111019073547
1,4180,157.05478654844302
1,4181,280.6529401209823
1,4182,123.27190677618505
1,4183,370.0807776724573
1,4184,216.97337070206197
1,4185,160.5941280105064
1,4186,280.6529401209823
1,4187,98.72618743085364
1,4188,318.4643571117261
1,4189,106.77912461413052
1,4190,157.05478654844302
1,4191,280.6529401209823
1,4192,216.97337070206197
1,4193,318.4643571117261
1,4194,106.88263662270563
1,4195,280.6529401209823
1,4196,108.92907202436776
1,4197,400.0080914880998
1,4198,98.72618743085364
1,4199,280.6529401209823
1,4200,111.35574522051606
1,4201,370.0807776724573
1,4202,104.07555415863366
1,4203,106.77912461413052
1,4204,157.05478654844302
1,4205,280.6529401209823
1,4206,104.07555415863366
1,4207,157.05478654844302
1,4208,280.6529401209823
1,4209,106.77912461413052
1,4210,318.4643571117261
1,4211,400.0080914880998
1,4212,106.77912461413052
1,4213,157.05478654844302
1,4214,280.6529401209823
1,4215,98.72618743085364
1,4216,465.1032669417789
1,4217,106.77912461413052
1,4218,457.0327030994601
1,4219,478.79324728517327
1,4220,98.16174669213056
1,4221,318.4643571117261
1,4222,378.1513415147761
1,4223,106.77912461413052
1,4224,318.4643571117261
1,4225,111.35574522051606
1,4226,111.35574522051606
1,4227,465.1032669417789
1,4228,106.77912461413052
1,4229,98.72618743085364
1,4230,412.96536740178794
1,4231,106.77912461413052
1,4232,318.4643571117261
1,4233,160.5941280105064
1,4234,106.77912461413052
1,4235,370.0807776724573
1,4236,318.4643571117261
1,4237,106.77912461413052
1,4238,485.2111019073547
1,4239,478.79324728517327
1,4240,98.16174669213056
1,4241,318.4643571117261
1,4242,378.1513415147761
1,4243,408.80056111944896
1,4244,318.4643571117261
1,4245,370.0807776724573
1,4246,280.6529401209823
1,4247,493.2816657496735
1,4248,108.92907202436776
1,4249,470.7226834428545
1,4250,106.77912461413052
1,4251,98.72618743085364
1,4252,318.4643571117261
1,4253,106.77912461413052
1,4254,157.05478654844302
1,4255,280.6529401209823
1,4256,216.97337070206197
1,4257,407.6261750699517
1,4258,160.5941280105064
1,4259,160.5941280105064
1,4260,280.6529401209823
1,4261,216.97337070206197
1,4262,216.97337070206197
1,4263,457.0327030994601
1,4264,106.77912461413052
1,4265,111.35574522051606
1,4266,404.89480355946915
1,4267,465.1032669417789
1,4268,415.6967389122705
1,4269,106.77912461413052
1,4270,407.6261750699517
1,4271,111.35574522051606
1,4272,493.2816657496735
1,4273,318.4643571117261
1,4274,478.79324728517327
1,4275,216.97337070206197
1,4276,415.6967389122705
1,4277,106.77912461413052
1,4278,216.97337070206197
1,4279,404.89480355946915
1,4280,91.44599636897128
1,4281,370.0807776724573
1,4282,108.92907202436776
1,4283,216.97337070206197
1,4284,465.1032669417789
1,4285,478.79324728517327
1,4286,216.97337070206197
1,4287,108.92907202436776
1,4288,470.7226834428545
1,4289,318.4643571117261
1,4290,91.44599636897128
1,4291,378.1513415147761
1,4292,465.1032669417789
1,4293,106.77912461413052
1,4294,404.89480355946915
1,4295,98.16174669213056
1,4296,478.79324728517327
1,4297,111.35574522051606
1,4298,465.1032669417789
1,4299,154.66866283187682
1,4300,280.6529401209823
1,4301,412.96536740178794
1,4302,216.97337070206197
1,4303,280.6529401209823
1,4304,106.77912461413052
1,4305,478.79324728517327
1,4306,106.77912461413052
1,4307,216.97337070206197
1,4308,154.66866283187682
1,4309,104.07555415863366
1,4310,493.2816657496735
1,4311,106.77912461413052
1,4312,318.4643571117261
1,4313,465.1032669417789
1,4314,91.44599636897128
1,4315,478.79324728517327
1,4316,98.16174669213056
1,4317,106.77912461413052
1,4318,465.1032669417789
1,4319,106.77912461413052
1,4320,91.44599636897128
1,4321,280.6529401209823
1,4322,378.1513415147761
1,4323,108.92907202436776
1,4324,318.4643571117261
1,4325,326.5349209540449
1,4326,404.89480355946915
1,4327,415.6967389122705
1,4328,106.77912461413052
1,4329,407.6261750699517
1,4330,106.77912461413052
1,4331,104.07555415863366
1,4332,370.0807776724573
1,4333,370.0807776724573
1,4334,106.77912461413052
1,4335,465.1032669417789
1,4336,216.97337070206197
1,4337,106.77912461413052
1,4338,216.97337070206197
1,4339,318.4643571117261
1,4340,111.35574522051606
1,4341,318.4643571117261
1,4342,415.6967389122705
1,4343,98.16174669213056
1,4344,216.97337070206197
1,4345,280.6529401209823
1,4346,404.89480355946915
1,4347,106.77912461413052
1,4348,318.4643571117261
1,4349,412.96536740178794
1,4350,98.16174669213056
1,4351,106.77912461413052
1,4352,404.89480355946915
1,4353,478.79324728517327
1,4354,104.07555415863366
1,4355,111.35574522051606
1,4356,216.97337070206197
1,4357,280.6529401209823
1,4358,108.92907202436776
1,4359,160.5941280105064
1,4360,404.89480355946915
1,4361,106.77912461413052
1,4362,98.72618743085364
1,4363,216.97337070206197
1,4364,478.79324728517327
1,4365,216.97337070206197
1,4366,478.79324728517327
1,4367,157.05478654844302
1,4368,383.4052766285728
1,4369,465.1032669417789
1,4370,162.1459157135573
1,4371,493.2816657496735
1,4372,108.92907202436776
1,4373,216.97337070206197
1,4374,478.79324728517327
1,4375,216.97337070206197
1,4376,404.89480355946915
1,4377,106.77912461413052
1,4378,465.1032669417789
1,4379,318.4643571117261
1,4380,98.16174669213056
1,4381,216.97337070206197
1,4382,280.6529401209823
1,4383,106.77912461413052
1,4384,478.79324728517327
1,4385,108.92907202436776
1,4386,404.89480355946915
1,4387,318.4643571117261
1,4388,415.6967389122705
1,4389,517.9718265833435
1,4390,106.77912461413052
1,4391,407.6261750699517
1,4392,318.4643571117261
1,4393,465.1032669417789
1,4394,216.97337070206197
1,4395,216.97337070206197
1,4396,407.6261750699517
1,4397,108.92907202436776
1,4398,407.6261750699517
1,4399,106.77912461413052
1,4400,493.2816657496735
1,4401,415.6967389122705
1,4402,108.92907202436776
1,4403,415.6967389122705
1,4404,123.27190677618505
1,4405,370.0807776724573
1,4406,108.92907202436776
1,4407,465.1032669417789
1,4408,318.4643571117261
1,4409,98.72618743085364
1,4410,370.0807776724573
1,4411,280.6529401209823
1,4412,370.0807776724573
1,4413,106.77912461413052
1,4414,404.89480355946915
1,4415,108.92907202436776
1,4416,280.6529401209823
1,4417,106.77912461413052
1,4418,280.6529401209823
1,4419,517.9718265833435
1,4420,106.77912461413052
1,4421,407.6261750699517
1,4422,370.0807776724573
1,4423,478.79324728517327
1,4424,108.92907202436776
1,4425,485.2111019073547
1,4426,412.96536740178794
1,4427,111.35574522051606
1,4428,216.97337070206197
1,4429,493.2816657496735
1,4430,336.3185478291189
1,4431,106.26411249745314
1,4432,205.93974409857134
1,4433,72.78325033500917
1,4434,419.845862927865
1,4435,110.84073310383867
1,4436,345.58739027482073
1,4437,336.3185478291189
1,4438,290.5661392841317
1,4439,336.3185478291189
1,4440,290.5661392841317
1,4441,90.93098425229391
1,4442,153.8646948112341
1,4443,263.34641084896316
1,4444,106.26411249745314
1,4445,205.93974409857134
1,4446,205.93974409857134
1,4447,205.93974409857134
1,4448,336.3185478291189
1,4449,469.99123084621203
1,4450,106.26411249745314
1,4451,205.93974409857134
1,4452,336.3185478291189
1,4453,244.71354794279523
1,4454,291.32866984921037
1,4455,97.64673457545321
1,4456,151.4785710946679
1,4457,205.93974409857134
1,4458,110.84073310383867
1,4459,98.21117531417627
1,4460,345.58739027482073
1,4461,108.41405990769037
1,4462,205.93974409857134
1,4463,437.6518814064866
1,4464,90.93098425229391
1,4465,263.34641084896316
1,4466,106.26411249745314
1,4467,290.5661392841317
1,4468,110.84073310383867
1,4469,263.34641084896316
1,4470,108.41405990769037
1,4471,336.3185478291189
1,4472,205.93974409857134
1,4473,290.5661392841317
1,4474,365.22680466768804
1,4475,106.26411249745314
1,4476,124.02915020910815
1,4477,345.58739027482073
1,4478,110.84073310383867
1,4479,157.4040362732975
1,4480,157.4040362732975
1,4481,263.34641084896316
1,4482,263.34641084896316
1,4483,106.26411249745314
1,4484,263.34641084896316
1,4485,103.56054204195628
1,4486,263.34641084896316
1,4487,263.34641084896316
1,4488,110.84073310383867
1,4489,408.9974853096704
1,4490,110.84073310383867
1,4491,205.93974409857134
1,4492,106.26411249745314
1,4493,290.5661392841317
1,4494,244.71354794279523
1,4495,291.32866984921037
1,4496,97.64673457545321
1,4497,151.4785710946679
1,4498,205.93974409857134
1,4499,345.58739027482073
1,4500,108.41405990769037
1,4501,365.4579234131091
1,4502,106.26411249745314
1,4503,336.3185478291189
1,4504,374.7267658588109
1,4505,339.0048408235757
1,4506,151.4785710946679
1,4507,109.80345395951652
1,4508,98.21117531417627
1,4509,336.3185478291189
1,4510,110.84073310383867
1,4511,399.7286428639686
1,4512,290.5661392841317
1,4513,290.5661392841317
1,4514,106.26411249745314
1,4515,290.5661392841317
1,4516,151.4785710946679
1,4517,205.93974409857134
1,4518,290.5661392841317
1,4519,290.5661392841317
1,4520,365.4579234131091
1,4521,97.64673457545321
1,4522,110.84073310383867
1,4523,365.4579234131091
1,4524,408.9974853096704
1,4525,474.1221521208831
1,4526,374.49564711338985
1,4527,408.9974853096704
1,4528,336.3185478291189
1,4529,97.64673457545321
1,4530,374.7267658588109
1,4531,106.26411249745314
1,4532,408.9974853096704
1,4533,290.5661392841317
1,4534,336.3185478291189
1,4535,153.8646948112341
1,4536,151.4785710946679
1,4537,290.5661392841317
1,4538,97.64673457545321
1,4539,205.93974409857134
1,4540,419.845862927865
1,4541,106.26411249745314
1,4542,365.4579234131091
1,4543,108.41405990769037
1,4544,157.4040362732975
1,4545,365.4579234131091
1,4546,419.845862927865
1,4547,374.7267658588109
1,4548,205.93974409857134
1,4549,106.26411249745314
1,4550,153.8646948112341
1,4551,106.26411249745314
1,4552,263.34641084896316
1,4553,339.0048408235757
1,4554,345.58739027482073
1,4555,205.93974409857134
1,4556,408.9974853096704
1,4557,110.84073310383867
1,4558,153.8646948112341
1,4559,205.93974409857134
1,4560,290.5661392841317
1,4561,106.26411249745314
1,4562,263.34641084896316
1,4563,110.84073310383867
1,4564,157.4040362732975
1,4565,103.56054204195628
1,4566,263.34641084896316
1,4567,374.7267658588109
1,4568,374.7267658588109
1,4569,374.49564711338985
1,4570,345.58739027482073
1,4571,157.4040362732975
1,4572,157.4040362732975
1,4573,290.5661392841317
1,4574,399.7286428639686
1,4575,419.845862927865
1,4576,106.26411249745314
1,4577,374.49564711338985
1,4578,90.93098425229391
1,4579,345.58739027482073
1,4580,290.5661392841317
1,4581,97.64673457545321
1,4582,205.93974409857134
1,4583,374.49564711338985
1,4584,290.5661392841317
1,4585,365.4579234131091
1,4586,374.49564711338985
1,4587,374.49564711338985
1,4588,419.845862927865
1,4589,110.84073310383867
1,4590,157.4040362732975
1,4591,399.7286428639686
1,4592,205.93974409857134
1,4593,290.5661392841317
1,4594,205.93974409857134
1,4595,157.4040362732975
1,4596,408.9974853096704
1,4597,97.64673457545321
1,4598,336.3185478291189
1,4599,290.5661392841317
1,4600,290.5661392841317
1,4601,374.49564711338985
1,4602,408.9974853096704
1,4603,106.26411249745314
1,4604,263.34641084896316
1,4605,157.4040362732975
1,4606,365.4579234131091
1,4607,108.41405990769037
1,4608,336.3185478291189
1,4609,153.8646948112341
1,4610,374.49564711338985
1,4611,449.3564491837259
1,4612,106.26411249745314
1,4613,408.9974853096704
1,4614,336.3185478291189
1,4615,366.4011907171853
1,4616,419.845862927865
1,4617,374.49564711338985
1,4618,106.26411249745314
1,4619,290.5661392841317
1,4620,110.84073310383867
1,4621,290.5661392841317
1,4622,374.49564711338985
1,4623,106.26411249745314
1,4624,205.93974409857134
1,4625,336.3185478291189
1,4626,151.4785710946679
1,4627,205.93974409857134
1,4628,106.26411249745314
1,4629,333.12812603070637
1,4630,106.26411249745314
1,4631,374.7267658588109
1,4632,153.8646948112341
1,4633,299.8349817298335
1,4634,106.26411249745314
1,4635,205.93974409857134
1,4636,374.49564711338985
1,4637,374.49564711338985
1,4638,110.84073310383867
1,4639,98.21117531417627
1,4640,374.7267658588109
1,4641,106.26411249745314
1,4642,515.2998674585781
1,4643,106.26411249745314
1,4644,205.93974409857134
1,4645,450.27230708482205
1,4646,106.26411249745314
1,4647,408.9974853096704
1,4648,106.26411249745314
1,4649,345.58739027482073
1,4650,205.93974409857134
1,4651,205.93974409857134
1,4652,263.34641084896316
1,4653,290.5661392841317
1,4654,157.4040362732975
1,4655,263.34641084896316
1,4656,365.4579234131091
1,4657,106.26411249745314
1,4658,205.93974409857134
1,4659,263.34641084896316
1,4660,299.8349817298335
1,4661,205.93974409857134
1,4662,110.84073310383867
1,4663,336.3185478291189
1,4664,290.5661392841317
1,4665,110.84073310383867
1,4666,263.34641084896316
1,4667,205.93974409857134
1,4668,345.58739027482073
1,4669,158.95582397634837
1,4670,97.64673457545321
1,4671,365.4579234131091
1,4672,205.93974409857134
1,4673,205.93974409857134
1,4674,263.34641084896316
1,4675,290.5661392841317
1,4676,290.5661392841317
1,4677,374.49564711338985
1,4678,157.4040362732975
1,4679,205.93974409857134
1,4680,106.26411249745314
1,4681,205.93974409857134
1,4682,106.26411249745314
1,4683,263.34641084896316
1,4684,97.64673457545321
1,4685,106.26411249745314
1,4686,336.3185478291189
1,4687,318.5483982843789
1,4688,374.49564711338985
1,4689,336.3185478291189
1,4690,205.93974409857134
1,4691,374.7267658588109
1,4692,106.26411249745314
1,4693,299.8349817298335
1,4694,153.8646948112341
1,4695,205.93974409857134
1,4696,336.3185478291189
1,4697,374.49564711338985
1,4698,290.5661392841317
1,4699,365.4579234131091
1,4700,437.6518814064866
1,4701,394.2761796162731
1,4702,408.9974853096704
1,4703,408.9974853096704
1,4704,374.7267658588109
1,4705,290.5661392841317
1,4706,106.26411249745314
1,4707,365.4579234131091
1,4708,106.26411249745314
1,4709,290.5661392841317
1,4710,365.4579234131091
1,4711,336.3185478291189
1,4712,97.64673457545321
1,4713,374.49564711338985
1,4714,336.3185478291189
1,4715,263.34641084896316
1,4716,290.5661392841317
1,4717,374.49564711338985
1,4718,157.4040362732975
1,4719,110.84073310383867
1,4720,106.26411249745314
1,4721,290.5661392841317
1,4722,263.34641084896316
1,4723,336.3185478291189
1,4724,290.5661392841317
1,4725,408.9974853096704
1,4726,290.5661392841317
1,4727,156.56970025978217
1,4728,419.845862927865
1,4729,97.64673457545321
1,4730,290.5661392841317
1,4731,365.4579234131091
1,4732,374.49564711338985
1,4733,374.7267658588109
1,4734,408.9974853096704
1,4735,106.26411249745314
1,4736,290.5661392841317
1,4737,419.845862927865
1,4738,153.8646948112341
1,4739,290.5661392841317
1,4740,419.845862927865
1,4741,399.7286428639686
1,4742,365.22680466768804
1,4743,374.7267658588109
1,4744,153.8646948112341
1,4745,374.49564711338985
1,4746,336.3185478291189
1,4747,399.7286428639686
1,4748,110.84073310383867
1,4749,205.93974409857134
1,4750,290.5661392841317
1,4751,365.22680466768804
1,4752,374.7267658588109
1,4753,97.64673457545321
1,4754,408.9974853096704
1,4755,110.84073310383867
1,4756,408.9974853096704
1,4757,419.845862927865
1,4758,408.9974853096704
1,4759,97.64673457545321
1,4760,90.93098425229391
1,4761,336.3185478291189
1,4762,106.26411249745314
1,4763,336.3185478291189
1,4764,263.34641084896316
1,4765,345.58739027482073
1,4766,205.93974409857134
1,4767,374.49564711338985
1,4768,290.5661392841317
1,4769,205.93974409857134
1,4770,97.64673457545321
1,4771,205.93974409857134
1,4772,374.7267658588109
1,4773,157.4040362732975
1,4774,263.34641084896316
1,4775,290.5661392841317
1,4776,205.93974409857134
1,4777,110.84073310383867
1,4778,365.4579234131091
1,4779,437.6518814064866
1,4780,290.5661392841317
1,4781,205.93974409857134
1,4782,157.4040362732975
1,4783,157.4040362732975
1,4784,263.34641084896316
1,4785,290.5661392841317
1,4786,106.26411249745314
1,4787,336.3185478291189
1,4788,106.26411249745314
1,4789,205.93974409857134
1,4790,97.17389616985413
1,4791,157.4040362732975
1,4792,263.34641084896316
1,4793,336.3185478291189
1,4794,290.5661392841317
1,4795,365.4579234131091
1,4796,263.34641084896316
1,4797,157.4040362732975
1,4798,290.5661392841317
1,4799,374.7267658588109
1,4800,205.93974409857134
1,4801,263.34641084896316
1,4802,290.5661392841317
1,4803,374.49564711338985
1,4804,263.34641084896316
1,4805,263.34641084896316
1,4806,106.26411249745314
1,4807,419.845862927865
1,4808,97.17389616985413
1,4809,290.5661392841317
1,4810,110.84073310383867
1,4811,205.93974409857134
1,4812,205.93974409857134
1,4813,374.7267658588109
1,4814,106.26411249745314
1,4815,263.34641084896316
1,4816,499.5656674531104
1,4817,399.7286428639686
1,4818,374.7267658588109
1,4819,365.22680466768804
1,4820,90.93098425229391
1,4821,419.845862927865
1,4822,374.49564711338985
1,4823,419.845862927865
1,4824,374.49564711338985
1,4825,336.3185478291189
1,4826,106.26411249745314
1,4827,110.84073310383867
1,4828,428.3830389607848
1,4829,290.5661392841317
1,4830,374.49564711338985
1,4831,408.9974853096704
1,4832,336.3185478291189
1,4833,374.49564711338985
1,4834,374.7267658588109
1,4835,103.56054204195628
1,4836,374.7267658588109
1,4837,262.07328634974755
1,4838,437.6518814064866
1,4839,374.7267658588109
1,4840,318.5483982843789
1,4841,374.7267658588109
1,4842,97.64673457545321
1,4843,374.7267658588109
1,4844,374.7267658588109
1,4845,374.49564711338985
1,4846,428.3830389607848
1,4847,290.5661392841317
1,4848,263.34641084896316
1,4849,399.7286428639686
1,4850,90.93098425229391
1,4851,205.93974409857134
1,4852,263.34641084896316
1,4853,399.7286428639686
1,4854,365.22680466768804
1,4855,290.5661392841317
1,4856,374.49564711338985
1,4857,336.3185478291189
1,4858,106.26411249745314
1,4859,110.84073310383867
1,4860,428.3830389607848
1,4861,155.11149366004346
1,4862,345.58739027482073
1,4863,408.9974853096704
1,4864,97.64673457545321
1,4865,408.9974853096704
1,4866,106.26411249745314
1,4867,205.93974409857134
1,4868,153.8646948112341
1,4869,299.8349817298335
1,4870,290.5661392841317
1,4871,205.93974409857134
1,4872,365.4579234131091
1,4873,106.26411249745314
1,4874,336.3185478291189
1,4875,336.3185478291189
1,4876,106.26411249745314
1,4877,110.84073310383867
1,4878,428.3830389607848
1,4879,336.3185478291189
1,4880,110.84073310383867
1,4881,365.4579234131091
1,4882,263.34641084896316
1,4883,374.49564711338985
1,4884,97.64673457545321
1,4885,263.34641084896316
1,4886,110.84073310383867
1,4887,408.9974853096704
1,4888,205.93974409857134
1,4889,365.4579234131091
1,4890,365.4579234131091
1,4891,336.3185478291189
1,4892,290.5661392841317
1,4893,408.9974853096704
1,4894,336.3185478291189
1,4895,432.34959855714635
1,4896,365.22680466768804
1,4897,482.18223763760983
1,4898,97.64673457545321
1,4899,263.34641084896316
1,4900,110.84073310383867
1,4901,408.9974853096704
1,4902,419.845862927865
1,4903,103.56054204195628
1,4904,263.34641084896316
1,4905,106.26411249745314
1,4906,263.34641084896316
1,4907,205.93974409857134
1,4908,205.93974409857134
1,4909,106.26411249745314
1,4910,374.49564711338985
1,4911,106.26411249745314
1,4912,374.7267658588109
1,4913,97.64673457545321
1,4914,106.26411249745314
1,4915,374.49564711338985
1,4916,290.5661392841317
1,4917,365.22680466768804
1,4918,263.34641084896316
1,4919,162.49516543841176
1,4920,244.71354794279523
1,4921,290.5661392841317
1,4922,408.9974853096704
1,4923,108.41405990769037
1,4924,374.49564711338985
1,4925,106.26411249745314
1,4926,110.84073310383867
1,4927,461.50172644254764
1,4928,153.8646948112341
1,4929,423.97678420253607
1,4930,365.22680466768804
1,4931,106.26411249745314
1,4932,336.3185478291189
1,4933,336.3185478291189
1,4934,98.21117531417627
1,4935,205.93974409857134
1,4936,106.26411249745314
1,4937,374.49564711338985
1,4938,419.845862927865
1,4939,374.49564711338985
1,4940,469.99123084621203
1,4941,290.5661392841317
1,4942,336.3185478291189
1,4943,336.3185478291189
1,4944,333.12812603070637
1,4945,365.4579234131091
1,4946,336.3185478291189
1,4947,263.34641084896316
1,4948,103.56054204195628
1,4949,263.34641084896316
1,4950,244.71354794279523
1,4951,374.49564711338985
1,4952,106.26411249745314
1,4953,263.34641084896316
1,4954,419.845862927865
1,4955,97.64673457545321
1,4956,419.845862927865
1,4957,153.8646948112341
1,4958,374.7267658588109
1,4959,336.3185478291189
1,4960,205.93974409857134
1,4961,106.26411249745314
1,4962,263.34641084896316
1,4963,110.84073310383867
1,4964,336.3185478291189
1,4965,263.34641084896316
1,4966,336.3185478291189
1,4967,336.3185478291189
1,4968,110.84073310383867
1,4969,290.5661392841317
1,4970,419.845862927865
1,4971,336.3185478291189
1,4972,290.5661392841317
1,4973,153.8646948112341
1,4974,205.93974409857134
1,4975,374.7267658588109
1,4976,408.9974853096704
1,4977,399.7286428639686
1,4978,98.21117531417627
1,4979,263.34641084896316
1,4980,365.22680466768804
1,4981,106.26411249745314
1,4982,290.5661392841317
1,4983,97.64673457545321
1,4984,106.26411249745314
1,4985,374.7267658588109
1,4986,87.17127188847684
1,4987,152.1344839223278
1,4988,108.41405990769037
1,4989,263.34641084896316
1,4990,205.93974409857134
1,4991,98.21117531417627
1,4992,205.93974409857134
1,4993,263.34641084896316
1,4994,106.26411249745314
1,4995,374.7267658588109
1,4996,103.56054204195628
1,4997,106.26411249745314
1,4998,374.7267658588109
1,4999,97.64673457545321
1,5000,374.7267658588109
1,5001,374.49564711338985
1,5002,205.93974409857134
1,5003,419.845862927865
1,5004,106.26411249745314
1,5005,336.3185478291189
1,5006,263.34641084896316
1,5007,408.9974853096704
1,5008,290.5661392841317
1,5009,263.34641084896316
1,5010,365.22680466768804
1,5011,205.93974409857134
1,5012,365.4579234131091
1,5013,106.26411249745314
1,5014,453.3383638226431
1,5015,97.64673457545321
1,5016,106.26411249745314
1,5017,419.845862927865
1,5018,437.6518814064866
1,5019,205.93974409857134
1,5020,290.5661392841317
1,5021,290.5661392841317
1,5022,453.3383638226431
1,5023,106.26411249745314
1,5024,263.34641084896316
1,5025,153.8646948112341
1,5026,374.7267658588109
1,5027,336.3185478291189
1,5028,205.93974409857134
1,5029,365.4579234131091
1,5030,336.3185478291189
1,5031,263.34641084896316
1,5032,374.7267658588109
1,5033,290.5661392841317
1,5034,437.6518814064866
1,5035,374.49564711338985
1,5036,450.27230708482205
1,5037,408.9974853096704
1,5038,374.7267658588109
1,5039,106.26411249745314
1,5040,365.4579234131091
1,5041,365.4579234131091
1,5042,374.49564711338985
1,5043,408.9974853096704
1,5044,106.26411249745314
1,5045,408.9974853096704
1,5046,374.7267658588109
1,5047,408.9974853096704
1,5048,374.49564711338985
1,5049,469.99123084621203
1,5050,290.5661392841317
1,5051,336.3185478291189
1,5052,365.4579234131091
1,5053,140.41842036258757
1,5054,408.9974853096704
1,5055,449.3564491837259
1,5056,244.71354794279523
1,5057,291.32866984921037
1,5058,97.64673457545321
1,5059,151.4785710946679
1,5060,336.3185478291189
1,5061,290.5661392841317
1,5062,345.58739027482073
1,5063,106.26411249745314
1,5064,90.93098425229391
1,5065,110.84073310383867
1,5066,157.4040362732975
1,5067,263.34641084896316
1,5068,263.34641084896316
1,5069,106.26411249745314
1,5070,205.93974409857134
1,5071,108.41405990769037
1,5072,374.7267658588109
1,5073,151.4785710946679
1,5074,290.5661392841317
1,5075,72.78325033500917
1,5076,263.34641084896316
1,5077,106.26411249745314
1,5078,336.3185478291189
1,5079,106.26411249745314
1,5080,205.93974409857134
1,5081,90.93098425229391
1,5082,336.3185478291189
1,5083,205.93974409857134
1,5084,290.5661392841317
1,5085,291.32866984921037
1,5086,110.84073310383867
1,5087,205.93974409857134
1,5088,110.84073310383867
1,5089,336.3185478291189
1,5090,437.6518814064866
1,5091,72.78325033500917
1,5092,290.5661392841317
1,5093,153.8646948112341
1,5094,106.26411249745314
1,5095,153.8646948112341
1,5096,97.64673457545321
1,5097,110.84073310383867
1,5098,98.21117531417627
1,5099,336.3185478291189
1,5100,110.84073310383867
1,5101,157.4040362732975
1,5102,290.5661392841317
1,5103,336.3185478291189
1,5104,106.26411249745314
1,5105,263.34641084896316
1,5106,103.56054204195628
1,5107,290.5661392841317
1,5108,110.84073310383867
1,5109,205.93974409857134
1,5110,110.84073310383867
1,5111,110.84073310383867
1,5112,336.3185478291189
1,5113,157.4040362732975
1,5114,336.3185478291189
1,5115,205.93974409857134
1,5116,106.26411249745314
1,5117,263.34641084896316
1,5118,336.3185478291189
1,5119,345.58739027482073
1,5120,419.845862927865
1,5121,151.4785710946679
1,5122,97.64673457545321
1,5123,151.4785710946679
1,5124,336.3185478291189
1,5125,374.49564711338985
1,5126,290.5661392841317
1,5127,106.26411249745314
1,5128,291.32866984921037
1,5129,97.64673457545321
1,5130,290.5661392841317
1,5131,290.5661392841317
1,5132,205.93974409857134
1,5133,374.7267658588109
1,5134,106.26411249745314
1,5135,290.5661392841317
1,5136,886.6262688454294
1,5137,365.22680466768804
1,5138,110.84073310383867
1,5139,423.97678420253607
1,5140,263.34641084896316
1,5141,205.93974409857134
1,5142,374.7267658588109
1,5143,103.56054204195628
1,5144,263.34641084896316
1,5145,106.26411249745314
1,5146,156.56970025978217
1,5147,103.56054204195628
1,5148,290.5661392841317
1,5149,365.4579234131091
1,5150,106.26411249745314
1,5151,437.6518814064866
1,5152,336.3185478291189
1,5153,106.26411249745314
1,5154,205.93974409857134
1,5155,399.7286428639686
1,5156,98.21117531417627
1,5157,263.34641084896316
1,5158,399.7286428639686
1,5159,90.93098425229391
1,5160,299.8349817298335
1,5161,453.3383638226431
1,5162,374.49564711338985
1,5163,336.3185478291189
1,5164,336.3185478291189
1,5165,106.26411249745314
1,5166,205.93974409857134
1,5167,110.84073310383867
1,5168,365.4579234131091
1,5169,325.1309477356239
1,5170,336.3185478291189
1,5171,345.58739027482073
1,5172,374.7267658588109
1,5173,108.41405990769037
1,5174,290.5661392841317
1,5175,291.32866984921037
1,5176,97.64673457545321
1,5177,345.58739027482073
1,5178,336.3185478291189
1,5179,110.84073310383867
1,5180,263.34641084896316
1,5181,106.26411249745314
1,5182,263.34641084896316
1,5183,205.93974409857134
1,5184,153.8646948112341
1,5185,205.93974409857134
1,5186,108.41405990769037
1,5187,263.34641084896316
1,5188,151.4785710946679
1,5189,336.3185478291189
1,5190,106.26411249745314
1,5191,205.93974409857134
1,5192,399.7286428639686
1,5193,98.21117531417627
1,5194,263.34641084896316
1,5195,365.22680466768804
1,5196,108.41405990769037
1,5197,263.34641084896316
1,5198,263.34641084896316
1,5199,437.6518814064866
1,5200,108.41405990769037
1,5201,263.34641084896316
1,5202,336.3185478291189
1,5203,157.4040362732975
1,5204,157.4040362732975
1,5205,263.34641084896316
1,5206,365.22680466768804
1,5207,374.49564711338985
1,5208,106.26411249745314
1,5209,336.3185478291189
1,5210,110.84073310383867
1,5211,205.93974409857134
1,5212,374.49564711338985
1,5213,106.26411249745314
1,5214,365.4579234131091
1,5215,110.84073310383867
1,5216,205.93974409857134
1,5217,110.84073310383867
1,5218,408.9974853096704
1,5219,108.41405990769037
1,5220,157.4040362732975
1,5221,365.4579234131091
1,5222,374.49564711338985
1,5223,408.9974853096704
1,5224,482.9241685598443
1,5225,73.29826245168654
1,5226,318.4643571117261
1,5227,280.6529401209823
1,5228,372.7670706669141
1,5229,111.35574522051606
1,5230,280.6529401209823
1,5231,415.6967389122705
1,5232,104.07555415863366
1,5233,404.89480355946915
1,5234,318.4643571117261
1,5235,216.97337070206197
1,5236,318.4643571117261
1,5237,106.77912461413052
1,5238,280.6529401209823
1,5239,160.5941280105064
1,5240,108.92907202436776
1,5241,216.97337070206197
1,5242,216.97337070206197
1,5243,280.6529401209823
1,5244,412.96536740178794
1,5245,407.6261750699517
1,5246,465.1032669417789
1,5247,111.35574522051606
1,5248,407.6261750699517
1,5249,106.77912461413052
1,5250,280.6529401209823
1,5251,98.16174669213056
1,5252,108.92907202436776
1,5253,280.6529401209823
1,5254,216.97337070206197
1,5255,111.35574522051606
1,5256,370.0807776724573
1,5257,111.35574522051606
1,5258,216.97337070206197
1,5259,415.6967389122705
1,5260,370.0807776724573
1,5261,216.97337070206197
1,5262,111.35574522051606
1,5263,370.0807776724573
1,5264,318.4643571117261
1,5265,318.4643571117261
1,5266,111.35574522051606
1,5267,404.89480355946915
1,5268,378.1513415147761
1,5269,280.6529401209823
1,5270,160.5941280105064
1,5271,216.97337070206197
1,5272,280.6529401209823
1,5273,216.97337070206197
1,5274,216.97337070206197
1,5275,378.1513415147761
1,5276,318.4643571117261
1,5277,98.16174669213056
1,5278,216.97337070206197
1,5279,216.97337070206197
1,5280,280.6529401209823
1,5281,404.89480355946915
1,5282,318.4643571117261
1,5283,106.77912461413052
1,5284,378.1513415147761
1,5285,111.35574522051606
1,5286,111.35574522051606
1,5287,216.97337070206197
1,5288,108.92907202436776
1,5289,318.4643571117261
1,5290,370.0807776724573
1,5291,104.07555415863366
1,5292,216.97337070206197
1,5293,216.97337070206197
1,5294,111.35574522051606
1,5295,318.4643571117261
1,5296,157.05478654844302
1,5297,280.6529401209823
1,5298,111.35574522051606
1,5299,370.0807776724573
1,5300,160.5941280105064
1,5301,108.92907202436776
1,5302,318.4643571117261
1,5303,318.4643571117261
1,5304,98.16174669213056
1,5305,91.44599636897128
1,5306,370.0807776724573
1,5307,280.6529401209823
1,5308,318.4643571117261
1,5309,280.6529401209823
1,5310,216.97337070206197
1,5311,415.6967389122705
1,5312,318.4643571117261
1,5313,91.44599636897128
1,5314,216.97337070206197
1,5315,217.65251271093481
1,5316,407.6261750699517
1,5317,160.5941280105064
1,5318,370.0807776724573
1,5319,280.6529401209823
1,5320,111.35574522051606
1,5321,160.5941280105064
1,5322,98.16174669213056
1,5323,111.35574522051606
1,5324,318.4643571117261
1,5325,404.89480355946915
1,5326,318.4643571117261
1,5327,111.35574522051606
1,5328,216.97337070206197
1,5329,98.72618743085364
1,5330,415.6967389122705
1,5331,106.77912461413052
1,5332,280.6529401209823
1,5333,280.6529401209823
1,5334,318.4643571117261
1,5335,160.5941280105064
1,5336,318.4643571117261
1,5337,370.0807776724573
1,5338,106.77912461413052
1,5339,91.44599636897128
1,5340,370.0807776724573
1,5341,106.77912461413052
1,5342,106.77912461413052
1,5343,318.4643571117261
1,5344,111.35574522051606
1,5345,370.0807776724573
1,5346,111.35574522051606
1,5347,404.89480355946915
1,5348,280.6529401209823
1,5349,280.6529401209823
1,5350,160.5941280105064
1,5351,318.4643571117261
1,5352,73.29826245168654
1,5353,280.6529401209823
1,5354,160.5941280105064
1,5355,216.97337070206197
1,5356,216.97337070206197
1,5357,111.35574522051606
1,5358,404.89480355946915
1,5359,98.16174669213056
1,5360,216.97337070206197
1,5361,280.6529401209823
1,5362,160.5941280105064
1,5363,493.2816657496735
1,5364,108.92907202436776
1,5365,318.4643571117261
1,5366,370.0807776724573
1,5367,154.66866283187682
1,5368,216.97337070206197
1,5369,407.6261750699517
1,5370,216.97337070206197
1,5371,111.35574522051606
1,5372,318.4643571117261
1,5373,280.6529401209823
1,5374,108.92907202436776
1,5375,160.5941280105064
1,5376,98.16174669213056
1,5377,216.97337070206197
1,5378,370.0807776724573
1,5379,216.97337070206197
1,5380,465.1032669417789
1,5381,216.97337070206197
1,5382,465.1032669417789
1,5383,378.1513415147761
1,5384,370.0807776724573
1,5385,318.4643571117261
1,5386,111.35574522051606
1,5387,160.5941280105064
1,5388,216.97337070206197
1,5389,370.0807776724573
1,5390,111.35574522051606
1,5391,280.6529401209823
1,5392,160.5941280105064
1,5393,379.66324845973566
1,5394,378.1513415147761
1,5395,160.5941280105064
1,5396,106.77912461413052
1,5397,98.16174669213056
1,5398,407.6261750699517
1,5399,404.89480355946915
1,5400,98.16174669213056
1,5401,318.4643571117261
1,5402,111.35574522051606
1,5403,370.0807776724573
1,5404,370.0807776724573
1,5405,106.77912461413052
1,5406,404.89480355946915
1,5407,104.07555415863366
1,5408,318.4643571117261
1,5409,98.16174669213056
1,5410,160.5941280105064
1,5411,98.72618743085364
1,5412,470.7226834428545
1,5413,106.77912461413052
1,5414,216.97337070206197
1,5415,252.38255934009192
1,5416,158.30158539725238
1,5417,160.5941280105064
1,5418,378.1513415147761
1,5419,98.16174669213056
1,5420,318.4643571117261
1,5421,280.6529401209823
1,5422,407.6261750699517
1,5423,216.97337070206197
1,5424,216.97337070206197
1,5425,216.97337070206197
1,5426,160.5941280105064
1,5427,412.96536740178794
1,5428,415.6967389122705
1,5429,106.77912461413052
1,5430,378.1513415147761
1,5431,106.77912461413052
1,5432,111.35574522051606
1,5433,318.4643571117261
1,5434,160.5941280105064
1,5435,157.05478654844302
1,5436,160.5941280105064
1,5437,216.97337070206197
1,5438,280.6529401209823
1,5439,91.44599636897128
1,5440,465.1032669417789
1,5441,111.35574522051606
1,5442,415.6967389122705
1,5443,98.16174669213056
1,5444,216.97337070206197
1,5445,104.07555415863366
1,5446,98.16174669213056
1,5447,157.05478654844302
1,5448,106.77912461413052
1,5449,111.35574522051606
1,5450,370.0807776724573
1,5451,98.72618743085364
1,5452,378.1513415147761
1,5453,478.79324728517327
1,5454,216.97337070206197
1,5455,111.35574522051606
1,5456,216.97337070206197
1,5457,280.6529401209823
1,5458,106.77912461413052
1,5459,288.7235039633011
1,5460,91.44599636897128
1,5461,280.6529401209823
1,5462,106.77912461413052
1,5463,216.97337070206197
1,5464,457.0327030994601
1,5465,404.89480355946915
1,5466,106.77912461413052
1,5467,160.5941280105064
1,5468,157.05478654844302
1,5469,370.0807776724573
1,5470,108.92907202436776
1,5471,370.0807776724573
1,5472,106.77912461413052
1,5473,280.6529401209823
1,5474,98.16174669213056
1,5475,216.97337070206197
1,5476,280.6529401209823
1,5477,412.96536740178794
1,5478,280.6529401209823
1,5479,106.77912461413052
1,5480,216.97337070206197
1,5481,280.6529401209823
1,5482,318.4643571117261
1,5483,517.9718265833435
1,5484,158.30158539725238
1,5485,280.6529401209823
1,5486,108.92907202436776
1,5487,370.0807776724573
1,5488,154.66866283187682
1,5489,280.6529401209823
1,5490,98.72618743085364
1,5491,280.6529401209823
1,5492,98.16174669213056
1,5493,111.35574522051606
1,5494,280.6529401209823
1,5495,106.77912461413052
1,5496,106.77912461413052
1,5497,111.35574522051606
1,5498,280.6529401209823
1,5499,111.35574522051606
1,5500,160.5941280105064
1,5501,98.16174669213056
1,5502,370.0807776724573
1,5503,160.5941280105064
1,5504,111.35574522051606
1,5505,412.96536740178794
1,5506,111.35574522051606
1,5507,106.77912461413052
1,5508,318.4643571117261
1,5509,318.4643571117261
1,5510,154.66866283187682
1,5511,216.97337070206197
1,5512,98.16174669213056
1,5513,280.6529401209823
1,5514,111.35574522051606
1,5515,216.97337070206197
1,5516,407.6261750699517
1,5517,111.35574522051606
1,5518,111.35574522051606
1,5519,370.0807776724573
1,5520,372.7670706669141
1,5521,111.35574522051606
1,5522,280.6529401209823
1,5523,111.35574522051606
1,5524,216.97337070206197
1,5525,106.77912461413052
1,5526,412.96536740178794
1,5527,457.0327030994601
1,5528,111.35574522051606
1,5529,378.1513415147761
1,5530,111.35574522051606
1,5531,280.6529401209823
1,5532,415.6967389122705
1,5533,370.0807776724573
1,5534,106.77912461413052
1,5535,216.97337070206197
1,5536,216.97337070206197
1,5537,108.92907202436776
1,5538,280.6529401209823
1,5539,111.35574522051606
1,5540,407.6261750699517
1,5541,106.77912461413052
1,5542,404.89480355946915
1,5543,160.5941280105064
1,5544,104.07555415863366
1,5545,288.7235039633011
1,5546,412.96536740178794
1,5547,326.5349209540449
1,5548,111.35574522051606
1,5549,111.35574522051606
1,5550,404.89480355946915
1,5551,280.6529401209823
1,5552,157.05478654844302
1,5553,370.0807776724573
1,5554,216.97337070206197
1,5555,111.35574522051606
1,5556,547.8592091708196
1,5557,160.5941280105064
1,5558,111.35574522051606
1,5559,407.6261750699517
1,5560,318.4643571117261
1,5561,493.2816657496735
1,5562,98.16174669213056
1,5563,378.1513415147761
1,5564,216.97337070206197
1,5565,318.4643571117261
1,5566,111.35574522051606
1,5567,280.6529401209823
1,5568,379.66324845973566
1,5569,370.0807776724573
1,5570,412.96536740178794
1,5571,370.0807776724573
1,5572,111.35574522051606
1,5573,216.97337070206197
1,5574,111.35574522051606
1,5575,280.6529401209823
1,5576,216.97337070206197
1,5577,378.1513415147761
1,5578,111.35574522051606
1,5579,216.97337070206197
1,5580,111.35574522051606
1,5581,404.89480355946915
1,5582,111.35574522051606
1,5583,370.0807776724573
1,5584,216.97337070206197
1,5585,108.92907202436776
1,5586,412.96536740178794
1,5587,216.97337070206197
1,5588,216.97337070206197
1,5589,378.1513415147761
1,5590,98.72618743085364
1,5591,370.0807776724573
1,5592,318.4643571117261
1,5593,216.97337070206197
1,5594,493.2816657496735
1,5595,216.97337070206197
1,5596,326.5349209540449
1,5597,108.92907202436776
1,5598,318.4643571117261
1,5599,216.97337070206197
1,5600,216.97337070206197
1,5601,111.35574522051606
1,5602,318.4643571117261
1,5603,280.6529401209823
1,5604,280.6529401209823
1,5605,280.6529401209823
1,5606,104.07555415863366
1,5607,318.4643571117261
1,5608,280.6529401209823
1,5609,98.72618743085364
1,5610,370.0807776724573
1,5611,216.97337070206197
1,5612,318.4643571117261
1,5613,216.97337070206197
1,5614,370.0807776724573
1,5615,465.1032669417789
1,5616,216.97337070206197
1,5617,98.72618743085364
1,5618,404.89480355946915
1,5619,106.77912461413052
1,5620,280.6529401209823
1,5621,98.16174669213056
1,5622,404.89480355946915
1,5623,98.16174669213056
1,5624,111.35574522051606
1,5625,318.4643571117261
1,5626,415.6967389122705
1,5627,111.35574522051606
1,5628,216.97337070206197
1,5629,106.77912461413052
1,5630,280.6529401209823
1,5631,160.5941280105064
1,5632,157.05478654844302
1,5633,216.97337070206197
1,5634,216.97337070206197
1,5635,318.4643571117261
1,5636,106.77912461413052
1,5637,111.35574522051606
1,5638,111.35574522051606
1,5639,404.89480355946915
1,5640,106.77912461413052
1,5641,318.4643571117261
1,5642,111.35574522051606
1,5643,370.0807776724573
1,5644,111.35574522051606
1,5645,370.0807776724573
1,5646,318.4643571117261
1,5647,407.6261750699517
1,5648,157.05478654844302
1,5649,106.77912461413052
1,5650,412.96536740178794
1,5651,158.30158539725238
1,5652,318.4643571117261
1,5653,216.97337070206197
1,5654,318.4643571117261
1,5655,399.46918031376583
1,5656,107.75597030444105
1,5657,227.21758236324797
1,5658,74.27510814199708
1,5659,469.99318125044306
1,5660,112.33259091082658
1,5661,411.15320954214656
1,5662,399.46918031376583
1,5663,333.95255092642367
1,5664,399.46918031376583
1,5665,333.95255092642367
1,5666,92.42284205928182
1,5667,156.9444128000589
1,5668,293.2655383026975
1,5669,107.75597030444105
1,5670,227.21758236324797
1,5671,227.21758236324797
1,5672,227.21758236324797
1,5673,399.46918031376583
1,5674,516.7165638474378
1,5675,107.75597030444105
1,5676,227.21758236324797
1,5677,399.46918031376583
1,5678,263.92218062308285
1,5679,319.17859171855565
1,5680,99.1385923824411
1,5681,154.5582890834927
1,5682,227.21758236324797
1,5683,112.33259091082658
1,5684,99.70303312116418
1,5685,411.15320954214656
1,5686,109.90591771467827
1,5687,227.21758236324797
1,5688,487.79919972906464
1,5689,92.42284205928182
1,5690,293.2655383026975
1,5691,107.75597030444105
1,5692,333.95255092642367
1,5693,112.33259091082658
1,5694,293.2655383026975
1,5695,109.90591771467827
1,5696,399.46918031376583
1,5697,227.21758236324797
1,5698,333.95255092642367
1,5699,428.6927599001563
1,5700,107.75597030444105
1,5701,125.52100801609606
1,5702,411.15320954214656
1,5703,112.33259091082658
1,5704,160.4837542621223
1,5705,160.4837542621223
1,5706,293.2655383026975
1,5707,293.2655383026975
1,5708,107.75597030444105
1,5709,293.2655383026975
1,5710,105.05239984894419
1,5711,293.2655383026975
1,5712,293.2655383026975
1,5713,112.33259091082658
1,5714,463.99314168203523
1,5715,112.33259091082658
1,5716,227.21758236324797
1,5717,107.75597030444105
1,5718,333.95255092642367
1,5719,263.92218062308285
1,5720,319.17859171855565
1,5721,99.1385923824411
1,5722,154.5582890834927
1,5723,227.21758236324797
1,5724,411.15320954214656
1,5725,109.90591771467827
1,5726,428.92387864557736
1,5727,107.75597030444105
1,5728,399.46918031376583
1,5729,440.6079078739581
1,5730,402.1554733082226
1,5731,154.5582890834927
1,5732,111.29531176650443
1,5733,99.70303312116418
1,5734,399.46918031376583
1,5735,112.33259091082658
1,5736,452.3091124536545
1,5737,333.95255092642367
1,5738,333.95255092642367
1,5739,107.75597030444105
1,5740,333.95255092642367
1,5741,154.5582890834927
1,5742,227.21758236324797
1,5743,333.95255092642367
1,5744,333.95255092642367
1,5745,428.92387864557736
1,5746,99.1385923824411
1,5747,112.33259091082658
1,5748,428.92387864557736
1,5749,463.99314168203523
1,5750,520.8474851221089
1,5751,440.37678912853704
1,5752,463.99314168203523
1,5753,399.46918031376583
1,5754,99.1385923824411
1,5755,440.6079078739581
1,5756,107.75597030444105
1,5757,463.99314168203523
1,5758,333.95255092642367
1,5759,399.46918031376583
1,5760,156.9444128000589
1,5761,154.5582890834927
1,5762,333.95255092642367
1,5763,99.1385923824411
1,5764,227.21758236324797
1,5765,469.99318125044306
1,5766,107.75597030444105
1,5767,428.92387864557736
1,5768,109.90591771467827
1,5769,160.4837542621223
1,5770,428.92387864557736
1,5771,469.99318125044306
1,5772,440.6079078739581
1,5773,227.21758236324797
1,5774,107.75597030444105
1,5775,156.9444128000589
1,5776,107.75597030444105
1,5777,293.2655383026975
1,5778,402.1554733082226
1,5779,411.15320954214656
1,5780,227.21758236324797
1,5781,463.99314168203523
1,5782,112.33259091082658
1,5783,156.9444128000589
1,5784,227.21758236324797
1,5785,333.95255092642367
1,5786,107.75597030444105
1,5787,293.2655383026975
1,5788,112.33259091082658
1,5789,160.4837542621223
1,5790,105.05239984894419
1,5791,293.2655383026975
1,5792,440.6079078739581
1,5793,440.6079078739581
1,5794,440.37678912853704
1,5795,411.15320954214656
1,5796,160.4837542621223
1,5797,160.4837542621223
1,5798,333.95255092642367
1,5799,452.3091124536545
1,5800,469.99318125044306
1,5801,107.75597030444105
1,5802,440.37678912853704
1,5803,92.42284205928182
1,5804,411.15320954214656
1,5805,333.95255092642367
1,5806,99.1385923824411
1,5807,227.21758236324797
1,5808,440.37678912853704
1,5809,333.95255092642367
1,5810,428.92387864557736
1,5811,440.37678912853704
1,5812,440.37678912853704
1,5813,469.99318125044306
1,5814,112.33259091082658
1,5815,160.4837542621223
1,5816,452.3091124536545
1,5817,227.21758236324797
1,5818,333.95255092642367
1,5819,227.21758236324797
1,5820,160.4837542621223
1,5821,463.99314168203523
1,5822,99.1385923824411
1,5823,399.46918031376583
1,5824,333.95255092642367
1,5825,333.95255092642367
1,5826,440.37678912853704
1,5827,463.99314168203523
1,5828,107.75597030444105
1,5829,293.2655383026975
1,5830,160.4837542621223
1,5831,428.92387864557736
1,5832,109.90591771467827
1,5833,399.46918031376583
1,5834,156.9444128000589
1,5835,440.37678912853704
1,5836,460.9435206206503
1,5837,107.75597030444105
1,5838,463.99314168203523
1,5839,399.46918031376583
1,5840,429.86714594965355
1,5841,469.99318125044306
1,5842,440.37678912853704
1,5843,107.75597030444105
1,5844,333.95255092642367
1,5845,112.33259091082658
1,5846,333.95255092642367
1,5847,440.37678912853704
1,5848,107.75597030444105
1,5849,227.21758236324797
1,5850,399.46918031376583
1,5851,154.5582890834927
1,5852,227.21758236324797
1,5853,107.75597030444105
1,5854,373.7158510688898
1,5855,107.75597030444105
1,5856,440.6079078739581
1,5857,156.9444128000589
1,5858,345.6365801548044
1,5859,107.75597030444105
1,5860,227.21758236324797
1,5861,440.37678912853704
1,5862,440.37678912853704
1,5863,112.33259091082658
1,5864,99.70303312116418
1,5865,440.6079078739581
1,5866,107.75597030444105
1,5867,534.7987470648407
1,5868,107.75597030444105
1,5869,227.21758236324797
1,5870,500.4196254074001
1,5871,107.75597030444105
1,5872,463.99314168203523
1,5873,107.75597030444105
1,5874,411.15320954214656
1,5875,227.21758236324797
1,5876,227.21758236324797
1,5877,293.2655383026975
1,5878,333.95255092642367
1,5879,160.4837542621223
1,5880,293.2655383026975
1,5881,428.92387864557736
1,5882,107.75597030444105
1,5883,227.21758236324797
1,5884,293.2655383026975
1,5885,345.6365801548044
1,5886,227.21758236324797
1,5887,112.33259091082658
1,5888,399.46918031376583
1,5889,333.95255092642367
1,5890,112.33259091082658
1,5891,293.2655383026975
1,5892,227.21758236324797
1,5893,411.15320954214656
1,5894,162.03554196517317
1,5895,99.1385923824411
1,5896,428.92387864557736
1,5897,227.21758236324797
1,5898,227.21758236324797
1,5899,293.2655383026975
1,5900,333.95255092642367
1,5901,333.95255092642367
1,5902,440.37678912853704
1,5903,160.4837542621223
1,5904,227.21758236324797
1,5905,107.75597030444105
1,5906,227.21758236324797
1,5907,107.75597030444105
1,5908,293.2655383026975
1,5909,99.1385923824411
1,5910,107.75597030444105
1,5911,399.46918031376583
1,5912,359.8656043422818
1,5913,440.37678912853704
1,5914,399.46918031376583
1,5915,227.21758236324797
1,5916,440.6079078739581
1,5917,107.75597030444105
1,5918,345.6365801548044
1,5919,156.9444128000589
1,5920,227.21758236324797
1,5921,399.46918031376583
1,5922,440.37678912853704
1,5923,333.95255092642367
1,5924,428.92387864557736
1,5925,487.79919972906464
1,5926,413.7750592225358
1,5927,463.99314168203523
1,5928,463.99314168203523
1,5929,440.6079078739581
1,5930,333.95255092642367
1,5931,107.75597030444105
1,5932,428.92387864557736
1,5933,107.75597030444105
1,5934,333.95255092642367
1,5935,428.92387864557736
1,5936,399.46918031376583
1,5937,99.1385923824411
1,5938,440.37678912853704
1,5939,399.46918031376583
1,5940,293.2655383026975
1,5941,333.95255092642367
1,5942,440.37678912853704
1,5943,160.4837542621223
1,5944,112.33259091082658
1,5945,107.75597030444105
1,5946,333.95255092642367
1,5947,293.2655383026975
1,5948,399.46918031376583
1,5949,333.95255092642367
1,5950,463.99314168203523
1,5951,333.95255092642367
1,5952,159.64941824860696
1,5953,469.99318125044306
1,5954,99.1385923824411
1,5955,333.95255092642367
1,5956,428.92387864557736
1,5957,440.37678912853704
1,5958,440.6079078739581
1,5959,463.99314168203523
1,5960,107.75597030444105
1,5961,333.95255092642367
1,5962,469.99318125044306
1,5963,156.9444128000589
1,5964,333.95255092642367
1,5965,469.99318125044306
1,5966,452.3091124536545
1,5967,428.6927599001563
1,5968,440.6079078739581
1,5969,156.9444128000589
1,5970,440.37678912853704
1,5971,399.46918031376583
1,5972,452.3091124536545
1,5973,112.33259091082658
1,5974,227.21758236324797
1,5975,333.95255092642367
1,5976,428.6927599001563
1,5977,440.6079078739581
1,5978,99.1385923824411
1,5979,463.99314168203523
1,5980,112.33259091082658
1,5981,463.99314168203523
1,5982,469.99318125044306
1,5983,463.99314168203523
1,5984,99.1385923824411
1,5985,92.42284205928182
1,5986,399.46918031376583
1,5987,107.75597030444105
1,5988,399.46918031376583
1,5989,293.2655383026975
1,5990,411.15320954214656
1,5991,227.21758236324797
1,5992,440.37678912853704
1,5993,333.95255092642367
1,5994,227.21758236324797
1,5995,99.1385923824411
1,5996,227.21758236324797
1,5997,440.6079078739581
1,5998,160.4837542621223
1,5999,293.2655383026975
1,6000,333.95255092642367
1,6001,227.21758236324797
1,6002,112.33259091082658
1,6003,428.92387864557736
1,6004,487.79919972906464
1,6005,333.95255092642367
1,6006,227.21758236324797
1,6007,160.4837542621223
1,6008,160.4837542621223
1,6009,293.2655383026975
1,6010,333.95255092642367
1,6011,107.75597030444105
1,6012,399.46918031376583
1,6013,107.75597030444105
1,6014,227.21758236324797
1,6015,98.66575397684204
1,6016,160.4837542621223
1,6017,293.2655383026975
1,6018,399.46918031376583
1,6019,333.95255092642367
1,6020,428.92387864557736
1,6021,293.2655383026975
1,6022,160.4837542621223
1,6023,333.95255092642367
1,6024,440.6079078739581
1,6025,227.21758236324797
1,6026,293.2655383026975
1,6027,333.95255092642367
1,6028,440.37678912853704
1,6029,293.2655383026975
1,6030,293.2655383026975
1,6031,107.75597030444105
1,6032,469.99318125044306
1,6033,98.66575397684204
1,6034,333.95255092642367
1,6035,112.33259091082658
1,6036,227.21758236324797
1,6037,227.21758236324797
1,6038,440.6079078739581
1,6039,107.75597030444105
1,6040,293.2655383026975
1,6041,546.2910004543365
1,6042,452.3091124536545
1,6043,440.6079078739581
1,6044,428.6927599001563
1,6045,92.42284205928182
1,6046,469.99318125044306
1,6047,440.37678912853704
1,6048,469.99318125044306
1,6049,440.37678912853704
1,6050,399.46918031376583
1,6051,107.75597030444105
1,6052,112.33259091082658
1,6053,476.1151705006839
1,6054,333.95255092642367
1,6055,440.37678912853704
1,6056,463.99314168203523
1,6057,399.46918031376583
1,6058,440.37678912853704
1,6059,440.6079078739581
1,6060,105.05239984894419
1,6061,440.6079078739581
1,6062,281.2819190300351
1,6063,487.79919972906464
1,6064,440.6079078739581
1,6065,359.8656043422818
1,6066,440.6079078739581
1,6067,99.1385923824411
1,6068,440.6079078739581
1,6069,440.6079078739581
1,6070,440.37678912853704
1,6071,476.1151705006839
1,6072,333.95255092642367
1,6073,293.2655383026975
1,6074,452.3091124536545
1,6075,92.42284205928182
1,6076,227.21758236324797
1,6077,293.2655383026975
1,6078,452.3091124536545
1,6079,428.6927599001563
1,6080,333.95255092642367
1,6081,440.37678912853704
1,6082,399.46918031376583
1,6083,107.75597030444105
1,6084,112.33259091082658
1,6085,476.1151705006839
1,6086,158.19121164886826
1,6087,411.15320954214656
1,6088,463.99314168203523
1,6089,99.1385923824411
1,6090,463.99314168203523
1,6091,107.75597030444105
1,6092,227.21758236324797
1,6093,156.9444128000589
1,6094,345.6365801548044
1,6095,333.95255092642367
1,6096,227.21758236324797
1,6097,428.92387864557736
1,6098,107.75597030444105
1,6099,399.46918031376583
1,6100,399.46918031376583
1,6101,107.75597030444105
1,6102,112.33259091082658
1,6103,476.1151705006839
1,6104,399.46918031376583
1,6105,112.33259091082658
1,6106,428.92387864557736
1,6107,293.2655383026975
1,6108,440.37678912853704
1,6109,99.1385923824411
1,6110,293.2655383026975
1,6111,112.33259091082658
1,6112,463.99314168203523
1,6113,227.21758236324797
1,6114,428.92387864557736
1,6115,428.92387864557736
1,6116,399.46918031376583
1,6117,333.95255092642367
1,6118,463.99314168203523
1,6119,399.46918031376583
1,6120,480.08173009704547
1,6121,428.6927599001563
1,6122,528.9075706388356
1,6123,99.1385923824411
1,6124,293.2655383026975
1,6125,112.33259091082658
1,6126,463.99314168203523
1,6127,469.99318125044306
1,6128,105.05239984894419
1,6129,293.2655383026975
1,6130,107.75597030444105
1,6131,293.2655383026975
1,6132,227.21758236324797
1,6133,227.21758236324797
1,6134,107.75597030444105
1,6135,440.37678912853704
1,6136,107.75597030444105
1,6137,440.6079078739581
1,6138,99.1385923824411
1,6139,107.75597030444105
1,6140,440.37678912853704
1,6141,333.95255092642367
1,6142,428.6927599001563
1,6143,293.2655383026975
1,6144,165.57488342723656
1,6145,263.92218062308285
1,6146,333.95255092642367
1,6147,463.99314168203523
1,6148,109.90591771467827
1,6149,440.37678912853704
1,6150,107.75597030444105
1,6151,112.33259091082658
1,6152,508.2270594437733
1,6153,156.9444128000589
1,6154,474.1241025251141
1,6155,428.6927599001563
1,6156,107.75597030444105
1,6157,399.46918031376583
1,6158,399.46918031376583
1,6159,99.70303312116418
1,6160,227.21758236324797
1,6161,107.75597030444105
1,6162,440.37678912853704
1,6163,469.99318125044306
1,6164,440.37678912853704
1,6165,516.7165638474378
1,6166,333.95255092642367
1,6167,399.46918031376583
1,6168,399.46918031376583
1,6169,373.7158510688898
1,6170,428.92387864557736
1,6171,399.46918031376583
1,6172,293.2655383026975
1,6173,105.05239984894419
1,6174,293.2655383026975
1,6175,263.92218062308285
1,6176,440.37678912853704
1,6177,107.75597030444105
1,6178,293.2655383026975
1,6179,469.99318125044306
1,6180,99.1385923824411
1,6181,469.99318125044306
1,6182,156.9444128000589
1,6183,440.6079078739581
1,6184,399.46918031376583
1,6185,227.21758236324797
1,6186,107.75597030444105
1,6187,293.2655383026975
1,6188,112.33259091082658
1,6189,399.46918031376583
1,6190,293.2655383026975
1,6191,399.46918031376583
1,6192,399.46918031376583
1,6193,112.33259091082658
1,6194,333.95255092642367
1,6195,469.99318125044306
1,6196,399.46918031376583
1,6197,333.95255092642367
1,6198,156.9444128000589
1,6199,227.21758236324797
1,6200,440.6079078739581
1,6201,463.99314168203523
1,6202,452.3091124536545
1,6203,99.70303312116418
1,6204,293.2655383026975
1,6205,428.6927599001563
1,6206,107.75597030444105
1,6207,333.95255092642367
1,6208,99.1385923824411
1,6209,107.75597030444105
1,6210,440.6079078739581
1,6211,88.66312969546475
1,6212,155.2142019111526
1,6213,109.90591771467827
1,6214,293.2655383026975
1,6215,227.21758236324797
1,6216,99.70303312116418
1,6217,227.21758236324797
1,6218,293.2655383026975
1,6219,107.75597030444105
1,6220,440.6079078739581
1,6221,105.05239984894419
1,6222,107.75597030444105
1,6223,440.6079078739581
1,6224,99.1385923824411
1,6225,440.6079078739581
1,6226,440.37678912853704
1,6227,227.21758236324797
1,6228,469.99318125044306
1,6229,107.75597030444105
1,6230,399.46918031376583
1,6231,293.2655383026975
1,6232,463.99314168203523
1,6233,333.95255092642367
1,6234,293.2655383026975
1,6235,428.6927599001563
1,6236,227.21758236324797
1,6237,428.92387864557736
1,6238,107.75597030444105
1,6239,500.0636968238688
1,6240,99.1385923824411
1,6241,107.75597030444105
1,6242,469.99318125044306
1,6243,487.79919972906464
1,6244,227.21758236324797
1,6245,333.95255092642367
1,6246,333.95255092642367
1,6247,500.0636968238688
1,6248,107.75597030444105
1,6249,293.2655383026975
1,6250,156.9444128000589
1,6251,440.6079078739581
1,6252,399.46918031376583
1,6253,227.21758236324797
1,6254,428.92387864557736
1,6255,399.46918031376583
1,6256,293.2655383026975
1,6257,440.6079078739581
1,6258,333.95255092642367
1,6259,487.79919972906464
1,6260,440.37678912853704
1,6261,500.4196254074001
1,6262,463.99314168203523
1,6263,440.6079078739581
1,6264,107.75597030444105
1,6265,428.92387864557736
1,6266,428.92387864557736
1,6267,440.37678912853704
1,6268,463.99314168203523
1,6269,107.75597030444105
1,6270,463.99314168203523
1,6271,440.6079078739581
1,6272,463.99314168203523
1,6273,440.37678912853704
1,6274,516.7165638474378
1,6275,333.95255092642367
1,6276,399.46918031376583
1,6277,428.92387864557736
1,6278,141.91027816957543
1,6279,463.99314168203523
1,6280,460.9435206206503
1,6281,263.92218062308285
1,6282,319.17859171855565
1,6283,99.1385923824411
1,6284,154.5582890834927
1,6285,399.46918031376583
1,6286,333.95255092642367
1,6287,411.15320954214656
1,6288,107.75597030444105
1,6289,92.42284205928182
1,6290,112.33259091082658
1,6291,160.4837542621223
1,6292,293.2655383026975
1,6293,293.2655383026975
1,6294,107.75597030444105
1,6295,227.21758236324797
1,6296,109.90591771467827
1,6297,440.6079078739581
1,6298,154.5582890834927
1,6299,333.95255092642367
1,6300,74.27510814199708
1,6301,293.2655383026975
1,6302,107.75597030444105
1,6303,399.46918031376583
1,6304,107.75597030444105
1,6305,227.21758236324797
1,6306,92.42284205928182
1,6307,399.46918031376583
1,6308,227.21758236324797
1,6309,333.95255092642367
1,6310,319.17859171855565
1,6311,112.33259091082658
1,6312,227.21758236324797
1,6313,112.33259091082658
1,6314,399.46918031376583
1,6315,487.79919972906464
1,6316,74.27510814199708
1,6317,333.95255092642367
1,6318,156.9444128000589
1,6319,107.75597030444105
1,6320,156.9444128000589
1,6321,99.1385923824411
1,6322,112.33259091082658
1,6323,99.70303312116418
1,6324,399.46918031376583
1,6325,112.33259091082658
1,6326,160.4837542621223
1,6327,333.95255092642367
1,6328,399.46918031376583
1,6329,107.75597030444105
1,6330,293.2655383026975
1,6331,105.05239984894419
1,6332,333.95255092642367
1,6333,112.33259091082658
1,6334,227.21758236324797
1,6335,112.33259091082658
1,6336,112.33259091082658
1,6337,399.46918031376583
1,6338,160.4837542621223
1,6339,399.46918031376583
1,6340,227.21758236324797
1,6341,107.75597030444105
1,6342,293.2655383026975
1,6343,399.46918031376583
1,6344,411.15320954214656
1,6345,469.99318125044306
1,6346,154.5582890834927
1,6347,99.1385923824411
1,6348,154.5582890834927
1,6349,399.46918031376583
1,6350,440.37678912853704
1,6351,333.95255092642367
1,6352,107.75597030444105
1,6353,319.17859171855565
1,6354,99.1385923824411
1,6355,333.95255092642367
1,6356,333.95255092642367
1,6357,227.21758236324797
1,6358,440.6079078739581
1,6359,107.75597030444105
1,6360,333.95255092642367
1,6361,933.3516018466552
1,6362,428.6927599001563
1,6363,112.33259091082658
1,6364,474.1241025251141
1,6365,293.2655383026975
1,6366,227.21758236324797
1,6367,440.6079078739581
1,6368,105.05239984894419
1,6369,293.2655383026975
1,6370,107.75597030444105
1,6371,159.64941824860696
1,6372,105.05239984894419
1,6373,333.95255092642367
1,6374,428.92387864557736
1,6375,107.75597030444105
1,6376,487.79919972906464
1,6377,399.46918031376583
1,6378,107.75597030444105
1,6379,227.21758236324797
1,6380,452.3091124536545
1,6381,99.70303312116418
1,6382,293.2655383026975
1,6383,452.3091124536545
1,6384,92.42284205928182
1,6385,345.6365801548044
1,6386,500.0636968238688
1,6387,440.37678912853704
1,6388,399.46918031376583
1,6389,399.46918031376583
1,6390,107.75597030444105
1,6391,227.21758236324797
1,6392,112.33259091082658
1,6393,428.92387864557736
1,6394,368.86334057620576
1,6395,399.46918031376583
1,6396,411.15320954214656
1,6397,440.6079078739581
1,6398,109.90591771467827
1,6399,333.95255092642367
1,6400,319.17859171855565
1,6401,99.1385923824411
1,6402,411.15320954214656
1,6403,399.46918031376583
1,6404,112.33259091082658
1,6405,293.2655383026975
1,6406,107.75597030444105
1,6407,293.2655383026975
1,6408,227.21758236324797
1,6409,156.9444128000589
1,6410,227.21758236324797
1,6411,109.90591771467827
1,6412,293.2655383026975
1,6413,154.5582890834927
1,6414,399.46918031376583
1,6415,107.75597030444105
1,6416,227.21758236324797
1,6417,452.3091124536545
1,6418,99.70303312116418
1,6419,293.2655383026975
1,6420,428.6927599001563
1,6421,109.90591771467827
1,6422,293.2655383026975
1,6423,293.2655383026975
1,6424,487.79919972906464
1,6425,109.90591771467827
1,6426,293.2655383026975
1,6427,399.46918031376583
1,6428,160.4837542621223
1,6429,160.4837542621223
1,6430,293.2655383026975
1,6431,428.6927599001563
1,6432,440.37678912853704
1,6433,107.75597030444105
1,6434,399.46918031376583
1,6435,112.33259091082658
1,6436,227.21758236324797
1,6437,440.37678912853704
1,6438,107.75597030444105
1,6439,428.92387864557736
1,6440,112.33259091082658
1,6441,227.21758236324797
1,6442,112.33259091082658
1,6443,463.99314168203523
1,6444,109.90591771467827
1,6445,160.4837542621223
1,6446,428.92387864557736
1,6447,440.37678912853704
1,6448,463.99314168203523
1,6449,361.8507687540181
1,6450,105.56741196562157
1,6451,478.84650941693513
1,6452,330.43421278992406
1,6453,481.5778809274177
1,6454,361.8507687540181
1,6455,433.2314101571042
1,6456,520.0989233141438
1,6457,543.4289840722516
1,6458,108.27098242111843
1,6459,433.2314101571042
1,6460,112.84760302750396
1,6461,528.9405656077514
1,6462,108.27098242111843
1,6463,471.09213030242
1,6464,361.8507687540181
1,6465,528.9405656077514
1,6466,110.42092983135565
1,6467,238.2512089667386
1,6468,528.9405656077514
1,6469,124.76376458317296
1,6470,528.9405656077514
1,6471,433.2314101571042
1,6472,520.0989233141438
1,6473,92.93785417595919
1,6474,478.84650941693513
1,6475,520.0989233141438
1,6476,528.9405656077514
1,6477,110.42092983135565
1,6478,443.7171607821019
1,6479,478.84650941693513
1,6480,238.2512089667386
1,6481,110.42092983135565
1,6482,468.3607587919374
1,6483,468.3607587919374
1,6484,433.2314101571042
1,6485,108.27098242111843
1,6486,528.9405656077514
1,6487,110.42092983135565
1,6488,238.2512089667386
1,6489,528.9405656077514
1,6490,361.8507687540181
1,6491,528.9405656077514
1,6492,108.27098242111843
1,6493,478.84650941693513
1,6494,543.4289840722516
1,6495,99.65360449911849
1,6496,361.8507687540181
1,6497,520.0989233141438
1,6498,433.2314101571042
1,6499,509.613172689146
1,6500,478.84650941693513
1,6501,99.65360449911849
1,6502,478.84650941693513
1,6503,361.8507687540181
1,6504,238.2512089667386
1,6505,238.2512089667386
1,6506,509.613172689146
1,6507,100.21804523784155
1,6508,520.0989233141438
1,6509,361.8507687540181
1,6510,108.27098242111843
1,6511,310.57206757471664
1,6512,468.3607587919374
1,6513,163.6738459993312
1,6514,528.9405656077514
1,6515,556.0494097505873
1,6516,471.09213030242
1,6517,110.42092983135565
1,6518,361.8507687540181
1,6519,238.2512089667386
1,6520,361.8507687540181
1,6521,108.27098242111843
1,6522,528.9405656077514
1,6523,160.13450453726782
1,6524,108.27098242111843
1,6525,112.84760302750396
1,6526,528.9405656077514
1,6527,108.27098242111843
1,6528,92.93785417595919
1,6529,238.2512089667386
1,6530,478.84650941693513
1,6531,677.6210555843094
1,6532,481.5778809274177
1,6533,99.65360449911849
1,6534,520.0989233141438
1,6535,110.42092983135565
1,6536,310.57206757471664
1,6537,238.2512089667386
1,6538,478.84650941693513
1,6539,108.27098242111843
1,6540,520.0989233141438
1,6541,99.65360449911849
1,6542,481.5778809274177
1,6543,361.8507687540181
1,6544,520.0989233141438
1,6545,108.27098242111843
1,6546,433.2314101571042
1,6547,238.2512089667386
1,6548,520.0989233141438
1,6549,99.65360449911849
1,6550,520.0989233141438
1,6551,310.57206757471664
1,6552,443.7171607821019
1,6553,528.9405656077514
1,6554,528.9405656077514
1,6555,110.42092983135565
1,6556,238.2512089667386
1,6557,528.9405656077514
1,6558,92.93785417595919
1,6559,520.0989233141438
1,6560,468.3607587919374
1,6561,471.09213030242
1,6562,478.84650941693513
1,6563,108.27098242111843
1,6564,471.09213030242
1,6565,433.2314101571042
1,6566,361.8507687540181
1,6567,528.9405656077514
1,6568,110.42092983135565
1,6569,238.2512089667386
1,6570,528.9405656077514
1,6571,99.65360449911849
1,6572,238.2512089667386
1,6573,520.0989233141438
1,6574,528.9405656077514
1,6575,471.09213030242
1,6576,528.9405656077514
1,6577,528.9405656077514
1,6578,160.13450453726782
1,6579,394.99234806549725
1,6580,433.2314101571042
1,6581,112.84760302750396
1,6582,478.84650941693513
1,6583,108.27098242111843
1,6584,471.09213030242
1,6585,361.8507687540181
1,6586,528.9405656077514
1,6587,110.42092983135565
1,6588,238.2512089667386
1,6589,528.9405656077514
1,6590,560.3613843605091
1,6591,361.8507687540181
1,6592,478.84650941693513
1,6593,158.79265230997973
1,6594,468.3607587919374
1,6595,112.84760302750396
1,6596,361.8507687540181
1,6597,551.9184884759161
1,6598,238.2512089667386
1,6599,112.84760302750396
1,6600,471.09213030242
1,6601,372.3365193790158
1,6602,419.5069710943625
1,6603,110.42092983135565
1,6604,443.7171607821019
1,6605,543.4289840722516
1,6606,158.40429364836152
1,6607,238.2512089667386
1,6608,238.2512089667386
1,6609,92.93785417595919
1,6610,520.0989233141438
1,6611,528.9405656077514
1,6612,108.27098242111843
1,6613,471.09213030242
1,6614,433.2314101571042
1,6615,528.9405656077514
1,6616,110.42092983135565
1,6617,238.2512089667386
1,6618,564.6971595845692
1,6619,528.9405656077514
1,6620,528.9405656077514
1,6621,112.84760302750396
1,6622,468.3607587919374
1,6623,478.84650941693513
1,6624,99.65360449911849
1,6625,468.3607587919374
1,6626,361.8507687540181
1,6627,112.84760302750396
1,6628,481.5778809274177
1,6629,238.2512089667386
1,6630,478.84650941693513
1,6631,163.6738459993312
1,6632,238.2512089667386
1,6633,310.57206757471664
1,6634,108.27098242111843
1,6635,528.9405656077514
1,6636,433.2314101571042
1,6637,528.9405656077514
1,6638,543.4289840722516
1,6639,92.93785417595919
1,6640,528.9405656077514
1,6641,99.65360449911849
1,6642,92.93785417595919
1,6643,564.6971595845692
1,6644,433.2314101571042
1,6645,112.84760302750396
1,6646,361.8507687540181
1,6647,310.57206757471664
1,6648,481.5778809274177
1,6649,108.27098242111843
1,6650,92.93785417595919
1,6651,468.3607587919374
1,6652,528.9405656077514
1,6653,478.84650941693513
1,6654,108.27098242111843
1,6655,433.2314101571042
1,6656,112.84760302750396
1,6657,481.5778809274177
1,6658,528.9405656077514
1,6659,445.2290677270615
1,6660,238.2512089667386
1,6661,468.3607587919374
1,6662,163.6738459993312
1,6663,110.42092983135565
1,6664,443.7171607821019
1,6665,110.42092983135565
1,6666,481.5778809274177
1,6667,478.84650941693513
1,6668,528.9405656077514
1,6669,157.7483808207016
1,6670,481.5778809274177
1,6671,471.09213030242
1,6672,543.4289840722516
1,6673,528.9405656077514
1,6674,160.13450453726782
1,6675,394.99234806549725
1,6676,238.2512089667386
1,6677,528.9405656077514
1,6678,108.27098242111843
1,6679,384.3992069636823
1,6680,471.09213030242
1,6681,361.8507687540181
1,6682,520.0989233141438
1,6683,481.5778809274177
1,6684,110.42092983135565
1,6685,478.84650941693513
1,6686,481.5778809274177
1,6687,99.65360449911849
1,6688,468.3607587919374
1,6689,543.4289840722516
1,6690,157.7483808207016
1,6691,396.7048276761067
1,6692,238.2512089667386
1,6693,238.2512089667386
1,6694,443.7171607821019
1,6695,238.2512089667386
1,6696,468.3607587919374
1,6697,158.79265230997973
1,6698,481.5778809274177
1,6699,100.21804523784155
1,6700,481.5778809274177
1,6701,433.2314101571042
1,6702,112.84760302750396
1,6703,478.84650941693513
1,6704,108.27098242111843
1,6705,471.09213030242
1,6706,110.42092983135565
1,6707,310.57206757471664
1,6708,443.7171607821019
1,6709,238.2512089667386
1,6710,112.84760302750396
1,6711,471.09213030242
1,6712,372.3365193790158
1,6713,419.5069710943625
1,6714,471.09213030242
1,6715,443.7171607821019
1,6716,112.84760302750396
1,6717,528.9405656077514
1,6718,361.8507687540181
1,6719,310.57206757471664
1,6720,238.2512089667386
1,6721,110.42092983135565
1,6722,478.84650941693513
1,6723,481.5778809274177
1,6724,564.6971595845692
1,6725,108.37449442969354
1,6726,528.9405656077514
1,6727,528.9405656077514
1,6728,108.27098242111843
1,6729,238.2512089667386
1,6730,481.5778809274177
1,6731,108.27098242111843
1,6732,520.0989233141438
1,6733,108.27098242111843
1,6734,310.57206757471664
1,6735,108.27098242111843
1,6736,528.9405656077514
1,6737,478.84650941693513
1,6738,160.13450453726782
1,6739,124.76376458317296
1,6740,163.6738459993312
1,6741,394.99234806549725
1,6742,433.2314101571042
1,6743,520.0989233141438
1,6744,238.2512089667386
1,6745,478.84650941693513
1,6746,108.27098242111843
1,6747,471.09213030242
1,6748,528.9405656077514
1,6749,112.84760302750396
1,6750,478.84650941693513
1,6751,361.8507687540181
1,6752,528.9405656077514
1,6753,108.27098242111843
1,6754,478.84650941693513
1,6755,543.4289840722516
1,6756,99.65360449911849
1,6757,112.84760302750396
1,6758,528.9405656077514
1,6759,110.42092983135565
1,6760,238.2512089667386
1,6761,528.9405656077514
1,6762,352.5521633217277
1,6763,510.7875587386432
1,6764,471.09213030242
1,6765,361.8507687540181
1,6766,468.3607587919374
1,6767,520.0989233141438
1,6768,108.27098242111843
1,6769,92.93785417595919
1,6770,433.2314101571042
1,6771,528.9405656077514
1,6772,108.27098242111843
1,6773,433.2314101571042
1,6774,112.84760302750396
1,6775,520.0989233141438
1,6776,481.5778809274177
1,6777,110.42092983135565
1,6778,238.2512089667386
1,6779,108.27098242111843
1,6780,468.3607587919374
1,6781,481.5778809274177
1,6782,108.27098242111843
1,6783,471.09213030242
1,6784,361.8507687540181
1,6785,528.9405656077514
1,6786,110.42092983135565
1,6787,443.7171607821019
1,6788,528.9405656077514
1,6789,520.0989233141438
1,6790,238.2512089667386
1,6791,110.42092983135565
1,6792,419.5069710943625
1,6793,481.5778809274177
1,6794,108.27098242111843
1,6795,471.09213030242
1,6796,433.2314101571042
1,6797,528.9405656077514
1,6798,110.42092983135565
1,6799,238.2512089667386
1,6800,528.9405656077514
1,6801,468.3607587919374
1,6802,163.6738459993312
1,6803,520.0989233141438
1,6804,99.65360449911849
1,6805,238.2512089667386
1,6806,433.2314101571042
1,6807,110.42092983135565
1,6808,310.57206757471664
1,6809,112.84760302750396
1,6810,528.9405656077514
1,6811,160.13450453726782
1,6812,419.5069710943625
1,6813,238.2512089667386
1,6814,160.13450453726782
1,6815,468.3607587919374
1,6816,108.37449442969354
1,6817,310.57206757471664
1,6818,110.42092983135565
1,6819,419.5069710943625
1,6820,100.21804523784155
1,6821,310.57206757471664
1,6822,112.84760302750396
1,6823,433.2314101571042
1,6824,105.56741196562157
1,6825,108.27098242111843
1,6826,160.13450453726782
1,6827,310.57206757471664
1,6828,162.83950998581588
1,6829,160.13450453726782
1,6830,528.9405656077514
1,6831,108.27098242111843
1,6832,509.613172689146
1,6833,478.84650941693513
1,6834,108.27098242111843
1,6835,361.8507687540181
1,6836,112.84760302750396
1,6837,112.84760302750396
1,6838,520.0989233141438
1,6839,108.27098242111843
1,6840,100.21804523784155
1,6841,478.84650941693513
1,6842,108.27098242111843
1,6843,361.8507687540181
1,6844,163.6738459993312
1,6845,108.27098242111843
1,6846,433.2314101571042
1,6847,472.26651635191723
1,6848,361.8507687540181
1,6849,433.2314101571042
1,6850,310.57206757471664
1,6851,543.4289840722516
1,6852,110.42092983135565
1,6853,518.4548149827538
1,6854,361.8507687540181
1,6855,108.27098242111843
1,6856,532.943233447254
1,6857,481.5778809274177
1,6858,532.943233447254
1,6859,160.13450453726782
1,6860,310.57206757471664
1,6861,124.76376458317296
1,6862,433.2314101571042
1,6863,238.2512089667386
1,6864,163.6738459993312
1,6865,310.57206757471664
1,6866,100.21804523784155
1,6867,361.8507687540181
1,6868,108.27098242111843
1,6869,160.13450453726782
1,6870,310.57206757471664
1,6871,238.2512089667386
1,6872,361.8507687540181
1,6873,108.37449442969354
1,6874,310.57206757471664
1,6875,110.42092983135565
1,6876,419.5069710943625
1,6877,100.21804523784155
1,6878,310.57206757471664
1,6879,112.84760302750396
1,6880,433.2314101571042
1,6881,105.56741196562157
1,6882,108.27098242111843
1,6883,160.13450453726782
1,6884,310.57206757471664
1,6885,105.56741196562157
1,6886,160.13450453726782
1,6887,310.57206757471664
1,6888,108.27098242111843
1,6889,361.8507687540181
1,6890,419.5069710943625
1,6891,108.27098242111843
1,6892,160.13450453726782
1,6893,310.57206757471664
1,6894,100.21804523784155
1,6895,520.0989233141438
1,6896,108.27098242111843
1,6897,509.613172689146
1,6898,528.9405656077514
1,6899,99.65360449911849
1,6900,361.8507687540181
1,6901,443.7171607821019
1,6902,108.27098242111843
1,6903,361.8507687540181
1,6904,112.84760302750396
1,6905,112.84760302750396
1,6906,520.0989233141438
1,6907,108.27098242111843
1,6908,100.21804523784155
1,6909,478.84650941693513
1,6910,108.27098242111843
1,6911,361.8507687540181
1,6912,163.6738459993312
1,6913,108.27098242111843
1,6914,433.2314101571042
1,6915,361.8507687540181
1,6916,108.27098242111843
1,6917,532.943233447254
1,6918,528.9405656077514
1,6919,99.65360449911849
1,6920,361.8507687540181
1,6921,443.7171607821019
1,6922,472.26651635191723
1,6923,361.8507687540181
1,6924,433.2314101571042
1,6925,310.57206757471664
1,6926,543.4289840722516
1,6927,110.42092983135565
1,6928,518.4548149827538
1,6929,108.27098242111843
1,6930,100.21804523784155
1,6931,361.8507687540181
1,6932,108.27098242111843
1,6933,160.13450453726782
1,6934,310.57206757471664
1,6935,238.2512089667386
1,6936,471.09213030242
1,6937,163.6738459993312
1,6938,163.6738459993312
1,6939,310.57206757471664
1,6940,238.2512089667386
1,6941,238.2512089667386
1,6942,509.613172689146
1,6943,108.27098242111843
1,6944,112.84760302750396
1,6945,468.3607587919374
1,6946,520.0989233141438
1,6947,481.5778809274177
1,6948,108.27098242111843
1,6949,471.09213030242
1,6950,112.84760302750396
1,6951,543.4289840722516
1,6952,361.8507687540181
1,6953,528.9405656077514
1,6954,238.2512089667386
1,6955,481.5778809274177
1,6956,108.27098242111843
1,6957,238.2512089667386
1,6958,468.3607587919374
1,6959,92.93785417595919
1,6960,433.2314101571042
1,6961,110.42092983135565
1,6962,238.2512089667386
1,6963,520.0989233141438
1,6964,528.9405656077514
1,6965,238.2512089667386
1,6966,110.42092983135565
1,6967,518.4548149827538
1,6968,361.8507687540181
1,6969,92.93785417595919
1,6970,443.7171607821019
1,6971,520.0989233141438
1,6972,108.27098242111843
1,6973,468.3607587919374
1,6974,99.65360449911849
1,6975,528.9405656077514
1,6976,112.84760302750396
1,6977,520.0989233141438
1,6978,157.7483808207016
1,6979,310.57206757471664
1,6980,478.84650941693513
1,6981,238.2512089667386
1,6982,310.57206757471664
1,6983,108.27098242111843
1,6984,528.9405656077514
1,6985,108.27098242111843
1,6986,238.2512089667386
1,6987,157.7483808207016
1,6988,105.56741196562157
1,6989,543.4289840722516
1,6990,108.27098242111843
1,6991,361.8507687540181
1,6992,520.0989233141438
1,6993,92.93785417595919
1,6994,528.9405656077514
1,6995,99.65360449911849
1,6996,108.27098242111843
1,6997,520.0989233141438
1,6998,108.27098242111843
1,6999,92.93785417595919
1,7000,310.57206757471664
1,7001,443.7171607821019
1,7002,110.42092983135565
1,7003,361.8507687540181
1,7004,372.3365193790158
1,7005,468.3607587919374
1,7006,481.5778809274177
1,7007,108.27098242111843
1,7008,471.09213030242
1,7009,108.27098242111843
1,7010,105.56741196562157
1,7011,433.2314101571042
1,7012,433.2314101571042
1,7013,108.27098242111843
1,7014,520.0989233141438
1,7015,238.2512089667386
1,7016,108.27098242111843
1,7017,238.2512089667386
1,7018,361.8507687540181
1,7019,112.84760302750396
1,7020,361.8507687540181
1,7021,481.5778809274177
1,7022,99.65360449911849
1,7023,238.2512089667386
1,7024,310.57206757471664
1,7025,468.3607587919374
1,7026,108.27098242111843
1,7027,361.8507687540181
1,7028,478.84650941693513
1,7029,99.65360449911849
1,7030,108.27098242111843
1,7031,468.3607587919374
1,7032,528.9405656077514
1,7033,105.56741196562157
1,7034,112.84760302750396
1,7035,238.2512089667386
1,7036,310.57206757471664
1,7037,110.42092983135565
1,7038,163.6738459993312
1,7039,468.3607587919374
1,7040,108.27098242111843
1,7041,100.21804523784155
1,7042,238.2512089667386
1,7043,528.9405656077514
1,7044,238.2512089667386
1,7045,528.9405656077514
1,7046,160.13450453726782
1,7047,394.99234806549725
1,7048,520.0989233141438
1,7049,165.22563370238208
1,7050,543.4289840722516
1,7051,110.42092983135565
1,7052,238.2512089667386
1,7053,528.9405656077514
1,7054,238.2512089667386
1,7055,468.3607587919374
1,7056,108.27098242111843
1,7057,520.0989233141438
1,7058,361.8507687540181
1,7059,99.65360449911849
1,7060,238.2512089667386
1,7061,310.57206757471664
1,7062,108.27098242111843
1,7063,528.9405656077514
1,7064,110.42092983135565
1,7065,468.3607587919374
1,7066,361.8507687540181
1,7067,481.5778809274177
1,7068,564.6971595845692
1,7069,108.27098242111843
1,7070,471.09213030242
1,7071,361.8507687540181
1,7072,520.0989233141438
1,7073,238.2512089667386
1,7074,238.2512089667386
1,7075,471.09213030242
1,7076,110.42092983135565
1,7077,471.09213030242
1,7078,108.27098242111843
1,7079,543.4289840722516
1,7080,481.5778809274177
1,7081,110.42092983135565
1,7082,481.5778809274177
1,7083,124.76376458317296
1,7084,433.2314101571042
1,7085,110.42092983135565
1,7086,520.0989233141438
1,7087,361.8507687540181
1,7088,100.21804523784155
1,7089,433.2314101571042
1,7090,310.57206757471664
1,7091,433.2314101571042
1,7092,108.27098242111843
1,7093,468.3607587919374
1,7094,110.42092983135565
1,7095,310.57206757471664
1,7096,108.27098242111843
1,7097,310.57206757471664
1,7098,564.6971595845692
1,7099,108.27098242111843
1,7100,471.09213030242
1,7101,433.2314101571042
1,7102,528.9405656077514
1,7103,110.42092983135565
1,7104,532.943233447254
1,7105,478.84650941693513
1,7106,112.84760302750396
1,7107,238.2512089667386
1,7108,543.4289840722516
1,7109,533.0714868824225
1,7110,74.79012025867445
1,7111,361.8507687540181
1,7112,310.57206757471664
1,7113,435.917703151561
1,7114,112.84760302750396
1,7115,310.57206757471664
1,7116,481.5778809274177
1,7117,105.56741196562157
1,7118,468.3607587919374
1,7119,361.8507687540181
1,7120,238.2512089667386
1,7121,361.8507687540181
1,7122,108.27098242111843
1,7123,310.57206757471664
1,7124,163.6738459993312
1,7125,110.42092983135565
1,7126,238.2512089667386
1,7127,238.2512089667386
1,7128,310.57206757471664
1,7129,478.84650941693513
1,7130,471.09213030242
1,7131,520.0989233141438
1,7132,112.84760302750396
1,7133,471.09213030242
1,7134,108.27098242111843
1,7135,310.57206757471664
1,7136,99.65360449911849
1,7137,110.42092983135565
1,7138,310.57206757471664
1,7139,238.2512089667386
1,7140,112.84760302750396
1,7141,433.2314101571042
1,7142,112.84760302750396
1,7143,238.2512089667386
1,7144,481.5778809274177
1,7145,433.2314101571042
1,7146,238.2512089667386
1,7147,112.84760302750396
1,7148,433.2314101571042
1,7149,361.8507687540181
1,7150,361.8507687540181
1,7151,112.84760302750396
1,7152,468.3607587919374
1,7153,443.7171607821019
1,7154,310.57206757471664
1,7155,163.6738459993312
1,7156,238.2512089667386
1,7157,310.57206757471664
1,7158,238.2512089667386
1,7159,238.2512089667386
1,7160,443.7171607821019
1,7161,361.8507687540181
1,7162,99.65360449911849
1,7163,238.2512089667386
1,7164,238.2512089667386
1,7165,310.57206757471664
1,7166,468.3607587919374
1,7167,361.8507687540181
1,7168,108.27098242111843
1,7169,443.7171607821019
1,7170,112.84760302750396
1,7171,112.84760302750396
1,7172,238.2512089667386
1,7173,110.42092983135565
1,7174,361.8507687540181
1,7175,433.2314101571042
1,7176,105.56741196562157
1,7177,238.2512089667386
1,7178,238.2512089667386
1,7179,112.84760302750396
1,7180,361.8507687540181
1,7181,160.13450453726782
1,7182,310.57206757471664
1,7183,112.84760302750396
1,7184,433.2314101571042
1,7185,163.6738459993312
1,7186,110.42092983135565
1,7187,361.8507687540181
1,7188,361.8507687540181
1,7189,99.65360449911849
1,7190,92.93785417595919
1,7191,433.2314101571042
1,7192,310.57206757471664
1,7193,361.8507687540181
1,7194,310.57206757471664
1,7195,238.2512089667386
1,7196,481.5778809274177
1,7197,361.8507687540181
1,7198,92.93785417595919
1,7199,238.2512089667386
1,7200,238.93035097561145
1,7201,471.09213030242
1,7202,163.6738459993312
1,7203,433.2314101571042
1,7204,310.57206757471664
1,7205,112.84760302750396
1,7206,163.6738459993312
1,7207,99.65360449911849
1,7208,112.84760302750396
1,7209,361.8507687540181
1,7210,468.3607587919374
1,7211,361.8507687540181
1,7212,112.84760302750396
1,7213,238.2512089667386
1,7214,100.21804523784155
1,7215,481.5778809274177
1,7216,108.27098242111843
1,7217,310.57206757471664
1,7218,310.57206757471664
1,7219,361.8507687540181
1,7220,163.6738459993312
1,7221,361.8507687540181
1,7222,433.2314101571042
1,7223,108.27098242111843
1,7224,92.93785417595919
1,7225,433.2314101571042
1,7226,108.27098242111843
1,7227,108.27098242111843
1,7228,361.8507687540181
1,7229,112.84760302750396
1,7230,433.2314101571042
1,7231,112.84760302750396
1,7232,468.3607587919374
1,7233,310.57206757471664
1,7234,310.57206757471664
1,7235,163.6738459993312
1,7236,361.8507687540181
1,7237,74.79012025867445
1,7238,310.57206757471664
1,7239,163.6738459993312
1,7240,238.2512089667386
1,7241,238.2512089667386
1,7242,112.84760302750396
1,7243,468.3607587919374
1,7244,99.65360449911849
1,7245,238.2512089667386
1,7246,310.57206757471664
1,7247,163.6738459993312
1,7248,543.4289840722516
1,7249,110.42092983135565
1,7250,361.8507687540181
1,7251,433.2314101571042
1,7252,157.7483808207016
1,7253,238.2512089667386
1,7254,471.09213030242
1,7255,238.2512089667386
1,7256,112.84760302750396
1,7257,361.8507687540181
1,7258,310.57206757471664
1,7259,110.42092983135565
1,7260,163.6738459993312
1,7261,99.65360449911849
1,7262,238.2512089667386
1,7263,433.2314101571042
1,7264,238.2512089667386
1,7265,520.0989233141438
1,7266,238.2512089667386
1,7267,520.0989233141438
1,7268,443.7171607821019
1,7269,433.2314101571042
1,7270,361.8507687540181
1,7271,112.84760302750396
1,7272,163.6738459993312
1,7273,238.2512089667386
1,7274,433.2314101571042
1,7275,112.84760302750396
1,7276,310.57206757471664
1,7277,163.6738459993312
1,7278,445.2290677270615
1,7279,443.7171607821019
1,7280,163.6738459993312
1,7281,108.27098242111843
1,7282,99.65360449911849
1,7283,471.09213030242
1,7284,468.3607587919374
1,7285,99.65360449911849
1,7286,361.8507687540181
1,7287,112.84760302750396
1,7288,433.2314101571042
1,7289,433.2314101571042
1,7290,108.27098242111843
1,7291,468.3607587919374
1,7292,105.56741196562157
1,7293,361.8507687540181
1,7294,99.65360449911849
1,7295,163.6738459993312
1,7296,100.21804523784155
1,7297,518.4548149827538
1,7298,108.27098242111843
1,7299,238.2512089667386
1,7300,271.5911920203796
1,7301,161.38130338607718
1,7302,163.6738459993312
1,7303,443.7171607821019
1,7304,99.65360449911849
1,7305,361.8507687540181
1,7306,310.57206757471664
1,7307,471.09213030242
1,7308,238.2512089667386
1,7309,238.2512089667386
1,7310,238.2512089667386
1,7311,163.6738459993312
1,7312,478.84650941693513
1,7313,481.5778809274177
1,7314,108.27098242111843
1,7315,443.7171607821019
1,7316,108.27098242111843
1,7317,112.84760302750396
1,7318,361.8507687540181
1,7319,163.6738459993312
1,7320,160.13450453726782
1,7321,163.6738459993312
1,7322,238.2512089667386
1,7323,310.57206757471664
1,7324,92.93785417595919
1,7325,520.0989233141438
1,7326,112.84760302750396
1,7327,481.5778809274177
1,7328,99.65360449911849
1,7329,238.2512089667386
1,7330,105.56741196562157
1,7331,99.65360449911849
1,7332,160.13450453726782
1,7333,108.27098242111843
1,7334,112.84760302750396
1,7335,433.2314101571042
1,7336,100.21804523784155
1,7337,443.7171607821019
1,7338,528.9405656077514
1,7339,238.2512089667386
1,7340,112.84760302750396
1,7341,238.2512089667386
1,7342,310.57206757471664
1,7343,108.27098242111843
1,7344,321.05781819971435
1,7345,92.93785417595919
1,7346,310.57206757471664
1,7347,108.27098242111843
1,7348,238.2512089667386
1,7349,509.613172689146
1,7350,468.3607587919374
1,7351,108.27098242111843
1,7352,163.6738459993312
1,7353,160.13450453726782
1,7354,433.2314101571042
1,7355,110.42092983135565
1,7356,433.2314101571042
1,7357,108.27098242111843
1,7358,310.57206757471664
1,7359,99.65360449911849
1,7360,238.2512089667386
1,7361,310.57206757471664
1,7362,478.84650941693513
1,7363,310.57206757471664
1,7364,108.27098242111843
1,7365,238.2512089667386
1,7366,310.57206757471664
1,7367,361.8507687540181
1,7368,564.6971595845692
1,7369,161.38130338607718
1,7370,310.57206757471664
1,7371,110.42092983135565
1,7372,433.2314101571042
1,7373,157.7483808207016
1,7374,310.57206757471664
1,7375,100.21804523784155
1,7376,310.57206757471664
1,7377,99.65360449911849
1,7378,112.84760302750396
1,7379,310.57206757471664
1,7380,108.27098242111843
1,7381,108.27098242111843
1,7382,112.84760302750396
1,7383,310.57206757471664
1,7384,112.84760302750396
1,7385,163.6738459993312
1,7386,99.65360449911849
1,7387,433.2314101571042
1,7388,163.6738459993312
1,7389,112.84760302750396
1,7390,478.84650941693513
1,7391,112.84760302750396
1,7392,108.27098242111843
1,7393,361.8507687540181
1,7394,361.8507687540181
1,7395,157.7483808207016
1,7396,238.2512089667386
1,7397,99.65360449911849
1,7398,310.57206757471664
1,7399,112.84760302750396
1,7400,238.2512089667386
1,7401,471.09213030242
1,7402,112.84760302750396
1,7403,112.84760302750396
1,7404,433.2314101571042
1,7405,435.917703151561
1,7406,112.84760302750396
1,7407,310.57206757471664
1,7408,112.84760302750396
1,7409,238.2512089667386
1,7410,108.27098242111843
1,7411,478.84650941693513
1,7412,509.613172689146
1,7413,112.84760302750396
1,7414,443.7171607821019
1,7415,112.84760302750396
1,7416,310.57206757471664
1,7417,481.5778809274177
1,7418,433.2314101571042
1,7419,108.27098242111843
1,7420,238.2512089667386
1,7421,238.2512089667386
1,7422,110.42092983135565
1,7423,310.57206757471664
1,7424,112.84760302750396
1,7425,471.09213030242
1,7426,108.27098242111843
1,7427,468.3607587919374
1,7428,163.6738459993312
1,7429,105.56741196562157
1,7430,321.05781819971435
1,7431,478.84650941693513
1,7432,372.3365193790158
1,7433,112.84760302750396
1,7434,112.84760302750396
1,7435,468.3607587919374
1,7436,310.57206757471664
1,7437,160.13450453726782
1,7438,433.2314101571042
1,7439,238.2512089667386
1,7440,112.84760302750396
1,7441,594.5845421720453
1,7442,163.6738459993312
1,7443,112.84760302750396
1,7444,471.09213030242
1,7445,361.8507687540181
1,7446,543.4289840722516
1,7447,99.65360449911849
1,7448,443.7171607821019
1,7449,238.2512089667386
1,7450,361.8507687540181
1,7451,112.84760302750396
1,7452,310.57206757471664
1,7453,445.2290677270615
1,7454,433.2314101571042
1,7455,478.84650941693513
1,7456,433.2314101571042
1,7457,112.84760302750396
1,7458,238.2512089667386
1,7459,112.84760302750396
1,7460,310.57206757471664
1,7461,238.2512089667386
1,7462,443.7171607821019
1,7463,112.84760302750396
1,7464,238.2512089667386
1,7465,112.84760302750396
1,7466,468.3607587919374
1,7467,112.84760302750396
1,7468,433.2314101571042
1,7469,238.2512089667386
1,7470,110.42092983135565
1,7471,478.84650941693513
1,7472,238.2512089667386
1,7473,238.2512089667386
1,7474,443.7171607821019
1,7475,100.21804523784155
1,7476,433.2314101571042
1,7477,361.8507687540181
1,7478,238.2512089667386
1,7479,543.4289840722516
1,7480,238.2512089667386
1,7481,372.3365193790158
1,7482,110.42092983135565
1,7483,361.8507687540181
1,7484,238.2512089667386
1,7485,238.2512089667386
1,7486,112.84760302750396
1,7487,361.8507687540181
1,7488,310.57206757471664
1,7489,310.57206757471664
1,7490,310.57206757471664
1,7491,105.56741196562157
1,7492,361.8507687540181
1,7493,310.57206757471664
1,7494,100.21804523784155
1,7495,433.2314101571042
1,7496,238.2512089667386
1,7497,361.8507687540181
1,7498,238.2512089667386
1,7499,433.2314101571042
1,7500,520.0989233141438
1,7501,238.2512089667386
1,7502,100.21804523784155
1,7503,468.3607587919374
1,7504,108.27098242111843
1,7505,310.57206757471664
1,7506,99.65360449911849
1,7507,468.3607587919374
1,7508,99.65360449911849
1,7509,112.84760302750396
1,7510,361.8507687540181
1,7511,481.5778809274177
1,7512,112.84760302750396
1,7513,238.2512089667386
1,7514,108.27098242111843
1,7515,310.57206757471664
1,7516,163.6738459993312
1,7517,160.13450453726782
1,7518,238.2512089667386
1,7519,238.2512089667386
1,7520,361.8507687540181
1,7521,108.27098242111843
1,7522,112.84760302750396
1,7523,112.84760302750396
1,7524,468.3607587919374
1,7525,108.27098242111843
1,7526,361.8507687540181
1,7527,112.84760302750396
1,7528,433.2314101571042
1,7529,112.84760302750396
1,7530,433.2314101571042
1,7531,361.8507687540181
1,7532,471.09213030242
1,7533,160.13450453726782
1,7534,108.27098242111843
1,7535,478.84650941693513
1,7536,161.38130338607718
1,7537,361.8507687540181
1,7538,238.2512089667386
1,7539,361.8507687540181
1,7540,290.26423271441524
1,7541,106.26411249745314
1,7542,201.5653587211523
1,7543,72.78325033500917
1,7544,389.66569496474966
1,7545,110.84073310383867
1,7546,300.52920580244796
1,7547,290.26423271441524
1,7548,264.65283915111894
1,7549,290.26423271441524
1,7550,264.65283915111894
1,7551,90.93098425229391
1,7552,153.8646948112341
1,7553,251.01267551230868
1,7554,106.26411249745314
1,7555,201.5653587211523
1,7556,201.5653587211523
1,7557,201.5653587211523
1,7558,290.26423271441524
1,7559,439.81106288309667
1,7560,106.26411249745314
1,7561,201.5653587211523
1,7562,290.26423271441524
1,7563,240.3391625653762
1,7564,278.9949345125558
1,7565,97.64673457545321
1,7566,151.4785710946679
1,7567,201.5653587211523
1,7568,110.84073310383867
1,7569,98.21117531417627
1,7570,300.52920580244796
1,7571,108.41405990769037
1,7572,201.5653587211523
1,7573,407.47171344337124
1,7574,90.93098425229391
1,7575,251.01267551230868
1,7576,106.26411249745314
1,7577,264.65283915111894
1,7578,110.84073310383867
1,7579,251.01267551230868
1,7580,108.41405990769037
1,7581,290.26423271441524
1,7582,201.5653587211523
1,7583,264.65283915111894
1,7584,319.0264994999856
1,7585,106.26411249745314
1,7586,124.02915020910815
1,7587,300.52920580244796
1,7588,110.84073310383867
1,7589,157.4040362732975
1,7590,157.4040362732975
1,7591,251.01267551230868
1,7592,251.01267551230868
1,7593,106.26411249745314
1,7594,251.01267551230868
1,7595,103.56054204195628
1,7596,251.01267551230868
1,7597,251.01267551230868
1,7598,110.84073310383867
1,7599,374.24723533062996
1,7600,110.84073310383867
1,7601,201.5653587211523
1,7602,106.26411249745314
1,7603,264.65283915111894
1,7604,240.3391625653762
1,7605,278.9949345125558
1,7606,97.64673457545321
1,7607,151.4785710946679
1,7608,201.5653587211523
1,7609,300.52920580244796
1,7610,108.41405990769037
1,7611,319.25761824540666
1,7612,106.26411249745314
1,7613,290.26423271441524
1,7614,329.5225913334394
1,7615,292.950525708872
1,7616,151.4785710946679
1,7617,109.80345395951652
1,7618,98.21117531417627
1,7619,290.26423271441524
1,7620,110.84073310383867
1,7621,363.98226224259724
1,7622,264.65283915111894
1,7623,264.65283915111894
1,7624,106.26411249745314
1,7625,264.65283915111894
1,7626,151.4785710946679
1,7627,201.5653587211523
1,7628,264.65283915111894
1,7629,264.65283915111894
1,7630,319.25761824540666
1,7631,97.64673457545321
1,7632,110.84073310383867
1,7633,319.25761824540666
1,7634,374.24723533062996
1,7635,443.9419841577677
1,7636,329.29147258801834
1,7637,374.24723533062996
1,7638,290.26423271441524
1,7639,97.64673457545321
1,7640,329.5225913334394
1,7641,106.26411249745314
1,7642,374.24723533062996
1,7643,264.65283915111894
1,7644,290.26423271441524
1,7645,153.8646948112341
1,7646,151.4785710946679
1,7647,264.65283915111894
1,7648,97.64673457545321
1,7649,201.5653587211523
1,7650,389.66569496474966
1,7651,106.26411249745314
1,7652,319.25761824540666
1,7653,108.41405990769037
1,7654,157.4040362732975
1,7655,319.25761824540666
1,7656,389.66569496474966
1,7657,329.5225913334394
1,7658,201.5653587211523
1,7659,106.26411249745314
1,7660,153.8646948112341
1,7661,106.26411249745314
1,7662,251.01267551230868
1,7663,292.950525708872
1,7664,300.52920580244796
1,7665,201.5653587211523
1,7666,374.24723533062996
1,7667,110.84073310383867
1,7668,153.8646948112341
1,7669,201.5653587211523
1,7670,264.65283915111894
1,7671,106.26411249745314
1,7672,251.01267551230868
1,7673,110.84073310383867
1,7674,157.4040362732975
1,7675,103.56054204195628
1,7676,251.01267551230868
1,7677,329.5225913334394
1,7678,329.5225913334394
1,7679,329.29147258801834
1,7680,300.52920580244796
1,7681,157.4040362732975
1,7682,157.4040362732975
1,7683,264.65283915111894
1,7684,363.98226224259724
1,7685,389.66569496474966
1,7686,106.26411249745314
1,7687,329.29147258801834
1,7688,90.93098425229391
1,7689,300.52920580244796
1,7690,264.65283915111894
1,7691,97.64673457545321
1,7692,201.5653587211523
1,7693,329.29147258801834
1,7694,264.65283915111894
1,7695,319.25761824540666
1,7696,329.29147258801834
1,7697,329.29147258801834
1,7698,389.66569496474966
1,7699,110.84073310383867
1,7700,157.4040362732975
1,7701,363.98226224259724
1,7702,201.5653587211523
1,7703,264.65283915111894
1,7704,201.5653587211523
1,7705,157.4040362732975
1,7706,374.24723533062996
1,7707,97.64673457545321
1,7708,290.26423271441524
1,7709,264.65283915111894
1,7710,264.65283915111894
1,7711,329.29147258801834
1,7712,374.24723533062996
1,7713,106.26411249745314
1,7714,251.01267551230868
1,7715,157.4040362732975
1,7716,319.25761824540666
1,7717,108.41405990769037
1,7718,290.26423271441524
1,7719,153.8646948112341
1,7720,329.29147258801834
1,7721,444.9820638063069
1,7722,106.26411249745314
1,7723,374.24723533062996
1,7724,290.26423271441524
1,7725,320.20088554948285
1,7726,389.66569496474966
1,7727,329.29147258801834
1,7728,106.26411249745314
1,7729,264.65283915111894
1,7730,110.84073310383867
1,7731,264.65283915111894
1,7732,329.29147258801834
1,7733,106.26411249745314
1,7734,201.5653587211523
1,7735,290.26423271441524
1,7736,151.4785710946679
1,7737,201.5653587211523
1,7738,106.26411249745314
1,7739,307.21482589769363
1,7740,106.26411249745314
1,7741,329.5225913334394
1,7742,153.8646948112341
1,7743,274.91781223915166
1,7744,106.26411249745314
1,7745,201.5653587211523
1,7746,329.29147258801834
1,7747,329.29147258801834
1,7748,110.84073310383867
1,7749,98.21117531417627
1,7750,329.5225913334394
1,7751,106.26411249745314
1,7752,502.96613212192347
1,7753,106.26411249745314
1,7754,201.5653587211523
1,7755,420.0921391217067
1,7756,106.26411249745314
1,7757,374.24723533062996
1,7758,106.26411249745314
1,7759,300.52920580244796
1,7760,201.5653587211523
1,7761,201.5653587211523
1,7762,251.01267551230868
1,7763,264.65283915111894
1,7764,157.4040362732975
1,7765,251.01267551230868
1,7766,319.25761824540666
1,7767,106.26411249745314
1,7768,201.5653587211523
1,7769,251.01267551230868
1,7770,274.91781223915166
1,7771,201.5653587211523
1,7772,110.84073310383867
1,7773,290.26423271441524
1,7774,264.65283915111894
1,7775,110.84073310383867
1,7776,251.01267551230868
1,7777,201.5653587211523
1,7778,300.52920580244796
1,7779,158.95582397634837
1,7780,97.64673457545321
1,7781,319.25761824540666
1,7782,201.5653587211523
1,7783,201.5653587211523
1,7784,251.01267551230868
1,7785,264.65283915111894
1,7786,264.65283915111894
1,7787,329.29147258801834
1,7788,157.4040362732975
1,7789,201.5653587211523
1,7790,106.26411249745314
1,7791,201.5653587211523
1,7792,106.26411249745314
1,7793,251.01267551230868
1,7794,97.64673457545321
1,7795,106.26411249745314
1,7796,290.26423271441524
1,7797,292.63509815136615
1,7798,329.29147258801834
1,7799,290.26423271441524
1,7800,201.5653587211523
1,7801,329.5225913334394
1,7802,106.26411249745314
1,7803,274.91781223915166
1,7804,153.8646948112341
1,7805,201.5653587211523
1,7806,290.26423271441524
1,7807,329.29147258801834
1,7808,264.65283915111894
1,7809,319.25761824540666
1,7810,407.47171344337124
1,7811,381.94244427961854
1,7812,374.24723533062996
1,7813,374.24723533062996
1,7814,329.5225913334394
1,7815,264.65283915111894
1,7816,106.26411249745314
1,7817,319.25761824540666
1,7818,106.26411249745314
1,7819,264.65283915111894
1,7820,319.25761824540666
1,7821,290.26423271441524
1,7822,97.64673457545321
1,7823,329.29147258801834
1,7824,290.26423271441524
1,7825,251.01267551230868
1,7826,264.65283915111894
1,7827,329.29147258801834
1,7828,157.4040362732975
1,7829,110.84073310383867
1,7830,106.26411249745314
1,7831,264.65283915111894
1,7832,251.01267551230868
1,7833,290.26423271441524
1,7834,264.65283915111894
1,7835,374.24723533062996
1,7836,264.65283915111894
1,7837,156.56970025978217
1,7838,389.66569496474966
1,7839,97.64673457545321
1,7840,264.65283915111894
1,7841,319.25761824540666
1,7842,329.29147258801834
1,7843,329.5225913334394
1,7844,374.24723533062996
1,7845,106.26411249745314
1,7846,264.65283915111894
1,7847,389.66569496474966
1,7848,153.8646948112341
1,7849,264.65283915111894
1,7850,389.66569496474966
1,7851,363.98226224259724
1,7852,319.0264994999856
1,7853,329.5225913334394
1,7854,153.8646948112341
1,7855,329.29147258801834
1,7856,290.26423271441524
1,7857,363.98226224259724
1,7858,110.84073310383867
1,7859,201.5653587211523
1,7860,264.65283915111894
1,7861,319.0264994999856
1,7862,329.5225913334394
1,7863,97.64673457545321
1,7864,374.24723533062996
1,7865,110.84073310383867
1,7866,374.24723533062996
1,7867,389.66569496474966
1,7868,374.24723533062996
1,7869,97.64673457545321
1,7870,90.93098425229391
1,7871,290.26423271441524
1,7872,106.26411249745314
1,7873,290.26423271441524
1,7874,251.01267551230868
1,7875,300.52920580244796
1,7876,201.5653587211523
1,7877,329.29147258801834
1,7878,264.65283915111894
1,7879,201.5653587211523
1,7880,97.64673457545321
1,7881,201.5653587211523
1,7882,329.5225913334394
1,7883,157.4040362732975
1,7884,251.01267551230868
1,7885,264.65283915111894
1,7886,201.5653587211523
1,7887,110.84073310383867
1,7888,319.25761824540666
1,7889,407.47171344337124
1,7890,264.65283915111894
1,7891,201.5653587211523
1,7892,157.4040362732975
1,7893,157.4040362732975
1,7894,251.01267551230868
1,7895,264.65283915111894
1,7896,106.26411249745314
1,7897,290.26423271441524
1,7898,106.26411249745314
1,7899,201.5653587211523
1,7900,97.17389616985413
1,7901,157.4040362732975
1,7902,251.01267551230868
1,7903,290.26423271441524
1,7904,264.65283915111894
1,7905,319.25761824540666
1,7906,251.01267551230868
1,7907,157.4040362732975
1,7908,264.65283915111894
1,7909,329.5225913334394
1,7910,201.5653587211523
1,7911,251.01267551230868
1,7912,264.65283915111894
1,7913,329.29147258801834
1,7914,251.01267551230868
1,7915,251.01267551230868
1,7916,106.26411249745314
1,7917,389.66569496474966
1,7918,97.17389616985413
1,7919,264.65283915111894
1,7920,110.84073310383867
1,7921,201.5653587211523
1,7922,201.5653587211523
1,7923,329.5225913334394
1,7924,106.26411249745314
1,7925,251.01267551230868
1,7926,469.38549948999497
1,7927,363.98226224259724
1,7928,329.5225913334394
1,7929,319.0264994999856
1,7930,90.93098425229391
1,7931,389.66569496474966
1,7932,329.29147258801834
1,7933,389.66569496474966
1,7934,329.29147258801834
1,7935,290.26423271441524
1,7936,106.26411249745314
1,7937,110.84073310383867
1,7938,397.2067403553385
1,7939,264.65283915111894
1,7940,329.29147258801834
1,7941,374.24723533062996
1,7942,290.26423271441524
1,7943,329.29147258801834
1,7944,329.5225913334394
1,7945,103.56054204195628
1,7946,329.5225913334394
1,7947,257.69890097232854
1,7948,407.47171344337124
1,7949,329.5225913334394
1,7950,292.63509815136615
1,7951,329.5225913334394
1,7952,97.64673457545321
1,7953,329.5225913334394
1,7954,329.5225913334394
1,7955,329.29147258801834
1,7956,397.2067403553385
1,7957,264.65283915111894
1,7958,251.01267551230868
1,7959,363.98226224259724
1,7960,90.93098425229391
1,7961,201.5653587211523
1,7962,251.01267551230868
1,7963,363.98226224259724
1,7964,319.0264994999856
1,7965,264.65283915111894
1,7966,329.29147258801834
1,7967,290.26423271441524
1,7968,106.26411249745314
1,7969,110.84073310383867
1,7970,397.2067403553385
1,7971,155.11149366004346
1,7972,300.52920580244796
1,7973,374.24723533062996
1,7974,97.64673457545321
1,7975,374.24723533062996
1,7976,106.26411249745314
1,7977,201.5653587211523
1,7978,153.8646948112341
1,7979,274.91781223915166
1,7980,264.65283915111894
1,7981,201.5653587211523
1,7982,319.25761824540666
1,7983,106.26411249745314
1,7984,290.26423271441524
1,7985,290.26423271441524
1,7986,106.26411249745314
1,7987,110.84073310383867
1,7988,397.2067403553385
1,7989,290.26423271441524
1,7990,110.84073310383867
1,7991,319.25761824540666
1,7992,251.01267551230868
1,7993,329.29147258801834
1,7994,97.64673457545321
1,7995,251.01267551230868
1,7996,110.84073310383867
1,7997,374.24723533062996
1,7998,201.5653587211523
1,7999,319.25761824540666
1,8000,319.25761824540666
1,8001,290.26423271441524
1,8002,264.65283915111894
1,8003,374.24723533062996
1,8004,290.26423271441524
1,8005,401.1732999517001
1,8006,319.0264994999856
1,8007,452.0020696744944
1,8008,97.64673457545321
1,8009,251.01267551230868
1,8010,110.84073310383867
1,8011,374.24723533062996
1,8012,389.66569496474966
1,8013,103.56054204195628
1,8014,251.01267551230868
1,8015,106.26411249745314
1,8016,251.01267551230868
1,8017,201.5653587211523
1,8018,201.5653587211523
1,8019,106.26411249745314
1,8020,329.29147258801834
1,8021,106.26411249745314
1,8022,329.5225913334394
1,8023,97.64673457545321
1,8024,106.26411249745314
1,8025,329.29147258801834
1,8026,264.65283915111894
1,8027,319.0264994999856
1,8028,251.01267551230868
1,8029,162.49516543841176
1,8030,240.3391625653762
1,8031,264.65283915111894
1,8032,374.24723533062996
1,8033,108.41405990769037
1,8034,329.29147258801834
1,8035,106.26411249745314
1,8036,110.84073310383867
1,8037,431.32155847943227
1,8038,153.8646948112341
1,8039,393.7966162394207
1,8040,319.0264994999856
1,8041,106.26411249745314
1,8042,290.26423271441524
1,8043,290.26423271441524
1,8044,98.21117531417627
1,8045,201.5653587211523
1,8046,106.26411249745314
1,8047,329.29147258801834
1,8048,389.66569496474966
1,8049,329.29147258801834
1,8050,439.81106288309667
1,8051,264.65283915111894
1,8052,290.26423271441524
1,8053,290.26423271441524
1,8054,307.21482589769363
1,8055,319.25761824540666
1,8056,290.26423271441524
1,8057,251.01267551230868
1,8058,103.56054204195628
1,8059,251.01267551230868
1,8060,240.3391625653762
1,8061,329.29147258801834
1,8062,106.26411249745314
1,8063,251.01267551230868
1,8064,389.66569496474966
1,8065,97.64673457545321
1,8066,389.66569496474966
1,8067,153.8646948112341
1,8068,329.5225913334394
1,8069,290.26423271441524
1,8070,201.5653587211523
1,8071,106.26411249745314
1,8072,251.01267551230868
1,8073,110.84073310383867
1,8074,290.26423271441524
1,8075,251.01267551230868
1,8076,290.26423271441524
1,8077,290.26423271441524
1,8078,110.84073310383867
1,8079,264.65283915111894
1,8080,389.66569496474966
1,8081,290.26423271441524
1,8082,264.65283915111894
1,8083,153.8646948112341
1,8084,201.5653587211523
1,8085,329.5225913334394
1,8086,374.24723533062996
1,8087,363.98226224259724
1,8088,98.21117531417627
1,8089,251.01267551230868
1,8090,319.0264994999856
1,8091,106.26411249745314
1,8092,264.65283915111894
1,8093,97.64673457545321
1,8094,106.26411249745314
1,8095,329.5225913334394
1,8096,87.17127188847684
1,8097,152.1344839223278
1,8098,108.41405990769037
1,8099,251.01267551230868
1,8100,201.5653587211523
1,8101,98.21117531417627
1,8102,201.5653587211523
1,8103,251.01267551230868
1,8104,106.26411249745314
1,8105,329.5225913334394
1,8106,103.56054204195628
1,8107,106.26411249745314
1,8108,329.5225913334394
1,8109,97.64673457545321
1,8110,329.5225913334394
1,8111,329.29147258801834
1,8112,201.5653587211523
1,8113,389.66569496474966
1,8114,106.26411249745314
1,8115,290.26423271441524
1,8116,251.01267551230868
1,8117,374.24723533062996
1,8118,264.65283915111894
1,8119,251.01267551230868
1,8120,319.0264994999856
1,8121,201.5653587211523
1,8122,319.25761824540666
1,8123,106.26411249745314
1,8124,423.1581958595277
1,8125,97.64673457545321
1,8126,106.26411249745314
1,8127,389.66569496474966
1,8128,407.47171344337124
1,8129,201.5653587211523
1,8130,264.65283915111894
1,8131,264.65283915111894
1,8132,423.1581958595277
1,8133,106.26411249745314
1,8134,251.01267551230868
1,8135,153.8646948112341
1,8136,329.5225913334394
1,8137,290.26423271441524
1,8138,201.5653587211523
1,8139,319.25761824540666
1,8140,290.26423271441524
1,8141,251.01267551230868
1,8142,329.5225913334394
1,8143,264.65283915111894
1,8144,407.47171344337124
1,8145,329.29147258801834
1,8146,420.0921391217067
1,8147,374.24723533062996
1,8148,329.5225913334394
1,8149,106.26411249745314
1,8150,319.25761824540666
1,8151,319.25761824540666
1,8152,329.29147258801834
1,8153,374.24723533062996
1,8154,106.26411249745314
1,8155,374.24723533062996
1,8156,329.5225913334394
1,8157,374.24723533062996
1,8158,329.29147258801834
1,8159,439.81106288309667
1,8160,264.65283915111894
1,8161,290.26423271441524
1,8162,319.25761824540666
1,8163,140.41842036258757
1,8164,374.24723533062996
1,8165,444.9820638063069
1,8166,240.3391625653762
1,8167,278.9949345125558
1,8168,97.64673457545321
1,8169,151.4785710946679
1,8170,290.26423271441524
1,8171,264.65283915111894
1,8172,300.52920580244796
1,8173,106.26411249745314
1,8174,90.93098425229391
1,8175,110.84073310383867
1,8176,157.4040362732975
1,8177,251.01267551230868
1,8178,251.01267551230868
1,8179,106.26411249745314
1,8180,201.5653587211523
1,8181,108.41405990769037
1,8182,329.5225913334394
1,8183,151.4785710946679
1,8184,264.65283915111894
1,8185,72.78325033500917
1,8186,251.01267551230868
1,8187,106.26411249745314
1,8188,290.26423271441524
1,8189,106.26411249745314
1,8190,201.5653587211523
1,8191,90.93098425229391
1,8192,290.26423271441524
1,8193,201.5653587211523
1,8194,264.65283915111894
1,8195,278.9949345125558
1,8196,110.84073310383867
1,8197,201.5653587211523
1,8198,110.84073310383867
1,8199,290.26423271441524
1,8200,407.47171344337124
1,8201,72.78325033500917
1,8202,264.65283915111894
1,8203,153.8646948112341
1,8204,106.26411249745314
1,8205,153.8646948112341
1,8206,97.64673457545321
1,8207,110.84073310383867
1,8208,98.21117531417627
1,8209,290.26423271441524
1,8210,110.84073310383867
1,8211,157.4040362732975
1,8212,264.65283915111894
1,8213,290.26423271441524
1,8214,106.26411249745314
1,8215,251.01267551230868
1,8216,103.56054204195628
1,8217,264.65283915111894
1,8218,110.84073310383867
1,8219,201.5653587211523
1,8220,110.84073310383867
1,8221,110.84073310383867
1,8222,290.26423271441524
1,8223,157.4040362732975
1,8224,290.26423271441524
1,8225,201.5653587211523
1,8226,106.26411249745314
1,8227,251.01267551230868
1,8228,290.26423271441524
1,8229,300.52920580244796
1,8230,389.66569496474966
1,8231,151.4785710946679
1,8232,97.64673457545321
1,8233,151.4785710946679
1,8234,290.26423271441524
1,8235,329.29147258801834
1,8236,264.65283915111894
1,8237,106.26411249745314
1,8238,278.9949345125558
1,8239,97.64673457545321
1,8240,264.65283915111894
1,8241,264.65283915111894
1,8242,201.5653587211523
1,8243,329.5225913334394
1,8244,106.26411249745314
1,8245,264.65283915111894
1,8246,856.4461008823141
1,8247,319.0264994999856
1,8248,110.84073310383867
1,8249,393.7966162394207
1,8250,251.01267551230868
1,8251,201.5653587211523
1,8252,329.5225913334394
1,8253,103.56054204195628
1,8254,251.01267551230868
1,8255,106.26411249745314
1,8256,156.56970025978217
1,8257,103.56054204195628
1,8258,264.65283915111894
1,8259,319.25761824540666
1,8260,106.26411249745314
1,8261,407.47171344337124
1,8262,290.26423271441524
1,8263,106.26411249745314
1,8264,201.5653587211523
1,8265,363.98226224259724
1,8266,98.21117531417627
1,8267,251.01267551230868
1,8268,363.98226224259724
1,8269,90.93098425229391
1,8270,274.91781223915166
1,8271,423.1581958595277
1,8272,329.29147258801834
1,8273,290.26423271441524
1,8274,290.26423271441524
1,8275,106.26411249745314
1,8276,201.5653587211523
1,8277,110.84073310383867
1,8278,319.25761824540666
1,8279,300.2137782449421
1,8280,290.26423271441524
1,8281,300.52920580244796
1,8282,329.5225913334394
1,8283,108.41405990769037
1,8284,264.65283915111894
1,8285,278.9949345125558
1,8286,97.64673457545321
1,8287,300.52920580244796
1,8288,290.26423271441524
1,8289,110.84073310383867
1,8290,251.01267551230868
1,8291,106.26411249745314
1,8292,251.01267551230868
1,8293,201.5653587211523
1,8294,153.8646948112341
1,8295,201.5653587211523
1,8296,108.41405990769037
1,8297,251.01267551230868
1,8298,151.4785710946679
1,8299,290.26423271441524
1,8300,106.26411249745314
1,8301,201.5653587211523
1,8302,363.98226224259724
1,8303,98.21117531417627
1,8304,251.01267551230868
1,8305,319.0264994999856
1,8306,108.41405990769037
1,8307,251.01267551230868
1,8308,251.01267551230868
1,8309,407.47171344337124
1,8310,108.41405990769037
1,8311,251.01267551230868
1,8312,290.26423271441524
1,8313,157.4040362732975
1,8314,157.4040362732975
1,8315,251.01267551230868
1,8316,319.0264994999856
1,8317,329.29147258801834
1,8318,106.26411249745314
1,8319,290.26423271441524
1,8320,110.84073310383867
1,8321,201.5653587211523
1,8322,329.29147258801834
1,8323,106.26411249745314
1,8324,319.25761824540666
1,8325,110.84073310383867
1,8326,201.5653587211523
1,8327,110.84073310383867
1,8328,374.24723533062996
1,8329,108.41405990769037
1,8330,157.4040362732975
1,8331,319.25761824540666
1,8332,329.29147258801834
1,8333,374.24723533062996
1,8334,292.55105697871335
1,8335,104.07555415863366
1,8336,367.76119287641643
1,8337,290.2505555839242
1,8338,370.492564386899
1,8339,292.55105697871335
1,8340,324.02646255775363
1,8341,430.3530169627384
1,8342,463.1014977865581
1,8343,106.77912461413052
1,8344,324.02646255775363
1,8345,111.35574522051606
1,8346,448.6130793220579
1,8347,106.77912461413052
1,8348,361.4258699022493
1,8349,292.55105697871335
1,8350,448.6130793220579
1,8351,108.92907202436776
1,8352,212.59898532464294
1,8353,448.6130793220579
1,8354,123.27190677618505
1,8355,448.6130793220579
1,8356,324.02646255775363
1,8357,430.3530169627384
1,8358,91.44599636897128
1,8359,367.76119287641643
1,8360,430.3530169627384
1,8361,448.6130793220579
1,8362,108.92907202436776
1,8363,333.09315704240333
1,8364,367.76119287641643
1,8365,212.59898532464294
1,8366,108.92907202436776
1,8367,358.69449839176673
1,8368,358.69449839176673
1,8369,324.02646255775363
1,8370,106.77912461413052
1,8371,448.6130793220579
1,8372,108.92907202436776
1,8373,212.59898532464294
1,8374,448.6130793220579
1,8375,292.55105697871335
1,8376,448.6130793220579
1,8377,106.77912461413052
1,8378,367.76119287641643
1,8379,463.1014977865581
1,8380,98.16174669213056
1,8381,292.55105697871335
1,8382,430.3530169627384
1,8383,324.02646255775363
1,8384,421.2863224780887
1,8385,367.76119287641643
1,8386,98.16174669213056
1,8387,367.76119287641643
1,8388,292.55105697871335
1,8389,212.59898532464294
1,8390,212.59898532464294
1,8391,421.2863224780887
1,8392,98.72618743085364
1,8393,430.3530169627384
1,8394,292.55105697871335
1,8395,106.77912461413052
1,8396,268.3192047843277
1,8397,358.69449839176673
1,8398,160.5941280105064
1,8399,448.6130793220579
1,8400,475.72192346489356
1,8401,361.4258699022493
1,8402,108.92907202436776
1,8403,292.55105697871335
1,8404,212.59898532464294
1,8405,292.55105697871335
1,8406,106.77912461413052
1,8407,448.6130793220579
1,8408,157.05478654844302
1,8409,106.77912461413052
1,8410,111.35574522051606
1,8411,448.6130793220579
1,8412,106.77912461413052
1,8413,91.44599636897128
1,8414,212.59898532464294
1,8415,367.76119287641643
1,8416,600.7155546199682
1,8417,370.492564386899
1,8418,98.16174669213056
1,8419,430.3530169627384
1,8420,108.92907202436776
1,8421,268.3192047843277
1,8422,212.59898532464294
1,8423,367.76119287641643
1,8424,106.77912461413052
1,8425,430.3530169627384
1,8426,98.16174669213056
1,8427,370.492564386899
1,8428,292.55105697871335
1,8429,430.3530169627384
1,8430,106.77912461413052
1,8431,324.02646255775363
1,8432,212.59898532464294
1,8433,430.3530169627384
1,8434,98.16174669213056
1,8435,430.3530169627384
1,8436,268.3192047843277
1,8437,333.09315704240333
1,8438,448.6130793220579
1,8439,448.6130793220579
1,8440,108.92907202436776
1,8441,212.59898532464294
1,8442,448.6130793220579
1,8443,91.44599636897128
1,8444,430.3530169627384
1,8445,358.69449839176673
1,8446,361.4258699022493
1,8447,367.76119287641643
1,8448,106.77912461413052
1,8449,361.4258699022493
1,8450,324.02646255775363
1,8451,292.55105697871335
1,8452,448.6130793220579
1,8453,108.92907202436776
1,8454,212.59898532464294
1,8455,448.6130793220579
1,8456,98.16174669213056
1,8457,212.59898532464294
1,8458,430.3530169627384
1,8459,448.6130793220579
1,8460,361.4258699022493
1,8461,448.6130793220579
1,8462,448.6130793220579
1,8463,157.05478654844302
1,8464,379.0308912511538
1,8465,324.02646255775363
1,8466,111.35574522051606
1,8467,367.76119287641643
1,8468,106.77912461413052
1,8469,361.4258699022493
1,8470,292.55105697871335
1,8471,448.6130793220579
1,8472,108.92907202436776
1,8473,212.59898532464294
1,8474,448.6130793220579
1,8475,481.45295421516363
1,8476,292.55105697871335
1,8477,367.76119287641643
1,8478,155.71293432115493
1,8479,358.69449839176673
1,8480,111.35574522051606
1,8481,292.55105697871335
1,8482,471.5910021902225
1,8483,212.59898532464294
1,8484,111.35574522051606
1,8485,361.4258699022493
1,8486,301.61775146336305
1,8487,387.67435615144524
1,8488,108.92907202436776
1,8489,333.09315704240333
1,8490,463.1014977865581
1,8491,155.32457565953672
1,8492,212.59898532464294
1,8493,212.59898532464294
1,8494,91.44599636897128
1,8495,430.3530169627384
1,8496,448.6130793220579
1,8497,106.77912461413052
1,8498,361.4258699022493
1,8499,324.02646255775363
1,8500,448.6130793220579
1,8501,108.92907202436776
1,8502,212.59898532464294
1,8503,487.791658620228
1,8504,448.6130793220579
1,8505,448.6130793220579
1,8506,111.35574522051606
1,8507,358.69449839176673
1,8508,367.76119287641643
1,8509,98.16174669213056
1,8510,358.69449839176673
1,8511,292.55105697871335
1,8512,111.35574522051606
1,8513,370.492564386899
1,8514,212.59898532464294
1,8515,367.76119287641643
1,8516,160.5941280105064
1,8517,212.59898532464294
1,8518,268.3192047843277
1,8519,106.77912461413052
1,8520,448.6130793220579
1,8521,324.02646255775363
1,8522,448.6130793220579
1,8523,463.1014977865581
1,8524,91.44599636897128
1,8525,448.6130793220579
1,8526,98.16174669213056
1,8527,91.44599636897128
1,8528,487.791658620228
1,8529,324.02646255775363
1,8530,111.35574522051606
1,8531,292.55105697871335
1,8532,268.3192047843277
1,8533,370.492564386899
1,8534,106.77912461413052
1,8535,91.44599636897128
1,8536,358.69449839176673
1,8537,448.6130793220579
1,8538,367.76119287641643
1,8539,106.77912461413052
1,8540,324.02646255775363
1,8541,111.35574522051606
1,8542,370.492564386899
1,8543,448.6130793220579
1,8544,334.6050639873629
1,8545,212.59898532464294
1,8546,358.69449839176673
1,8547,160.5941280105064
1,8548,108.92907202436776
1,8549,333.09315704240333
1,8550,108.92907202436776
1,8551,370.492564386899
1,8552,367.76119287641643
1,8553,448.6130793220579
1,8554,154.66866283187682
1,8555,370.492564386899
1,8556,361.4258699022493
1,8557,463.1014977865581
1,8558,448.6130793220579
1,8559,157.05478654844302
1,8560,379.0308912511538
1,8561,212.59898532464294
1,8562,448.6130793220579
1,8563,106.77912461413052
1,8564,317.1687007727666
1,8565,361.4258699022493
1,8566,292.55105697871335
1,8567,430.3530169627384
1,8568,370.492564386899
1,8569,108.92907202436776
1,8570,367.76119287641643
1,8571,370.492564386899
1,8572,98.16174669213056
1,8573,358.69449839176673
1,8574,463.1014977865581
1,8575,154.66866283187682
1,8576,330.2038025049105
1,8577,212.59898532464294
1,8578,212.59898532464294
1,8579,333.09315704240333
1,8580,212.59898532464294
1,8581,358.69449839176673
1,8582,155.71293432115493
1,8583,370.492564386899
1,8584,98.72618743085364
1,8585,370.492564386899
1,8586,324.02646255775363
1,8587,111.35574522051606
1,8588,367.76119287641643
1,8589,106.77912461413052
1,8590,361.4258699022493
1,8591,108.92907202436776
1,8592,268.3192047843277
1,8593,333.09315704240333
1,8594,212.59898532464294
1,8595,111.35574522051606
1,8596,361.4258699022493
1,8597,301.61775146336305
1,8598,387.67435615144524
1,8599,361.4258699022493
1,8600,333.09315704240333
1,8601,111.35574522051606
1,8602,448.6130793220579
1,8603,292.55105697871335
1,8604,268.3192047843277
1,8605,212.59898532464294
1,8606,108.92907202436776
1,8607,367.76119287641643
1,8608,370.492564386899
1,8609,487.791658620228
1,8610,106.88263662270563
1,8611,448.6130793220579
1,8612,448.6130793220579
1,8613,106.77912461413052
1,8614,212.59898532464294
1,8615,370.492564386899
1,8616,106.77912461413052
1,8617,430.3530169627384
1,8618,106.77912461413052
1,8619,268.3192047843277
1,8620,106.77912461413052
1,8621,448.6130793220579
1,8622,367.76119287641643
1,8623,157.05478654844302
1,8624,123.27190677618505
1,8625,160.5941280105064
1,8626,379.0308912511538
1,8627,324.02646255775363
1,8628,430.3530169627384
1,8629,212.59898532464294
1,8630,367.76119287641643
1,8631,106.77912461413052
1,8632,361.4258699022493
1,8633,448.6130793220579
1,8634,111.35574522051606
1,8635,367.76119287641643
1,8636,292.55105697871335
1,8637,448.6130793220579
1,8638,106.77912461413052
1,8639,367.76119287641643
1,8640,463.1014977865581
1,8641,98.16174669213056
1,8642,111.35574522051606
1,8643,448.6130793220579
1,8644,108.92907202436776
1,8645,212.59898532464294
1,8646,448.6130793220579
1,8647,320.71954837881043
1,8648,422.46070852758595
1,8649,361.4258699022493
1,8650,292.55105697871335
1,8651,358.69449839176673
1,8652,430.3530169627384
1,8653,106.77912461413052
1,8654,91.44599636897128
1,8655,324.02646255775363
1,8656,448.6130793220579
1,8657,106.77912461413052
1,8658,324.02646255775363
1,8659,111.35574522051606
1,8660,430.3530169627384
1,8661,370.492564386899
1,8662,108.92907202436776
1,8663,212.59898532464294
1,8664,106.77912461413052
1,8665,358.69449839176673
1,8666,370.492564386899
1,8667,106.77912461413052
1,8668,361.4258699022493
1,8669,292.55105697871335
1,8670,448.6130793220579
1,8671,108.92907202436776
1,8672,333.09315704240333
1,8673,448.6130793220579
1,8674,430.3530169627384
1,8675,212.59898532464294
1,8676,108.92907202436776
1,8677,387.67435615144524
1,8678,370.492564386899
1,8679,106.77912461413052
1,8680,361.4258699022493
1,8681,324.02646255775363
1,8682,448.6130793220579
1,8683,108.92907202436776
1,8684,212.59898532464294
1,8685,448.6130793220579
1,8686,358.69449839176673
1,8687,160.5941280105064
1,8688,430.3530169627384
1,8689,98.16174669213056
1,8690,212.59898532464294
1,8691,324.02646255775363
1,8692,108.92907202436776
1,8693,268.3192047843277
1,8694,111.35574522051606
1,8695,448.6130793220579
1,8696,157.05478654844302
1,8697,387.67435615144524
1,8698,212.59898532464294
1,8699,157.05478654844302
1,8700,358.69449839176673
1,8701,106.88263662270563
1,8702,268.3192047843277
1,8703,108.92907202436776
1,8704,387.67435615144524
1,8705,98.72618743085364
1,8706,268.3192047843277
1,8707,111.35574522051606
1,8708,324.02646255775363
1,8709,104.07555415863366
1,8710,106.77912461413052
1,8711,157.05478654844302
1,8712,268.3192047843277
1,8713,159.75979199699108
1,8714,157.05478654844302
1,8715,448.6130793220579
1,8716,106.77912461413052
1,8717,421.2863224780887
1,8718,367.76119287641643
1,8719,106.77912461413052
1,8720,292.55105697871335
1,8721,111.35574522051606
1,8722,111.35574522051606
1,8723,430.3530169627384
1,8724,106.77912461413052
1,8725,98.72618743085364
1,8726,367.76119287641643
1,8727,106.77912461413052
1,8728,292.55105697871335
1,8729,160.5941280105064
1,8730,106.77912461413052
1,8731,324.02646255775363
1,8732,362.60025595174653
1,8733,292.55105697871335
1,8734,324.02646255775363
1,8735,268.3192047843277
1,8736,463.1014977865581
1,8737,108.92907202436776
1,8738,439.5463848374082
1,8739,292.55105697871335
1,8740,106.77912461413052
1,8741,454.0348033019084
1,8742,370.492564386899
1,8743,454.0348033019084
1,8744,157.05478654844302
1,8745,268.3192047843277
1,8746,123.27190677618505
1,8747,324.02646255775363
1,8748,212.59898532464294
1,8749,160.5941280105064
1,8750,268.3192047843277
1,8751,98.72618743085364
1,8752,292.55105697871335
1,8753,106.77912461413052
1,8754,157.05478654844302
1,8755,268.3192047843277
1,8756,212.59898532464294
1,8757,292.55105697871335
1,8758,106.88263662270563
1,8759,268.3192047843277
1,8760,108.92907202436776
1,8761,387.67435615144524
1,8762,98.72618743085364
1,8763,268.3192047843277
1,8764,111.35574522051606
1,8765,324.02646255775363
1,8766,104.07555415863366
1,8767,106.77912461413052
1,8768,157.05478654844302
1,8769,268.3192047843277
1,8770,104.07555415863366
1,8771,157.05478654844302
1,8772,268.3192047843277
1,8773,106.77912461413052
1,8774,292.55105697871335
1,8775,387.67435615144524
1,8776,106.77912461413052
1,8777,157.05478654844302
1,8778,268.3192047843277
1,8779,98.72618743085364
1,8780,430.3530169627384
1,8781,106.77912461413052
1,8782,421.2863224780887
1,8783,448.6130793220579
1,8784,98.16174669213056
1,8785,292.55105697871335
1,8786,333.09315704240333
1,8787,106.77912461413052
1,8788,292.55105697871335
1,8789,111.35574522051606
1,8790,111.35574522051606
1,8791,430.3530169627384
1,8792,106.77912461413052
1,8793,98.72618743085364
1,8794,367.76119287641643
1,8795,106.77912461413052
1,8796,292.55105697871335
1,8797,160.5941280105064
1,8798,106.77912461413052
1,8799,324.02646255775363
1,8800,292.55105697871335
1,8801,106.77912461413052
1,8802,454.0348033019084
1,8803,448.6130793220579
1,8804,98.16174669213056
1,8805,292.55105697871335
1,8806,333.09315704240333
1,8807,362.60025595174653
1,8808,292.55105697871335
1,8809,324.02646255775363
1,8810,268.3192047843277
1,8811,463.1014977865581
1,8812,108.92907202436776
1,8813,439.5463848374082
1,8814,106.77912461413052
1,8815,98.72618743085364
1,8816,292.55105697871335
1,8817,106.77912461413052
1,8818,157.05478654844302
1,8819,268.3192047843277
1,8820,212.59898532464294
1,8821,361.4258699022493
1,8822,160.5941280105064
1,8823,160.5941280105064
1,8824,268.3192047843277
1,8825,212.59898532464294
1,8826,212.59898532464294
1,8827,421.2863224780887
1,8828,106.77912461413052
1,8829,111.35574522051606
1,8830,358.69449839176673
1,8831,430.3530169627384
1,8832,370.492564386899
1,8833,106.77912461413052
1,8834,361.4258699022493
1,8835,111.35574522051606
1,8836,463.1014977865581
1,8837,292.55105697871335
1,8838,448.6130793220579
1,8839,212.59898532464294
1,8840,370.492564386899
1,8841,106.77912461413052
1,8842,212.59898532464294
1,8843,358.69449839176673
1,8844,91.44599636897128
1,8845,324.02646255775363
1,8846,108.92907202436776
1,8847,212.59898532464294
1,8848,430.3530169627384
1,8849,448.6130793220579
1,8850,212.59898532464294
1,8851,108.92907202436776
1,8852,439.5463848374082
1,8853,292.55105697871335
1,8854,91.44599636897128
1,8855,333.09315704240333
1,8856,430.3530169627384
1,8857,106.77912461413052
1,8858,358.69449839176673
1,8859,98.16174669213056
1,8860,448.6130793220579
1,8861,111.35574522051606
1,8862,430.3530169627384
1,8863,154.66866283187682
1,8864,268.3192047843277
1,8865,367.76119287641643
1,8866,212.59898532464294
1,8867,268.3192047843277
1,8868,106.77912461413052
1,8869,448.6130793220579
1,8870,106.77912461413052
1,8871,212.59898532464294
1,8872,154.66866283187682
1,8873,104.07555415863366
1,8874,463.1014977865581
1,8875,106.77912461413052
1,8876,292.55105697871335
1,8877,430.3530169627384
1,8878,91.44599636897128
1,8879,448.6130793220579
1,8880,98.16174669213056
1,8881,106.77912461413052
1,8882,430.3530169627384
1,8883,106.77912461413052
1,8884,91.44599636897128
1,8885,268.3192047843277
1,8886,333.09315704240333
1,8887,108.92907202436776
1,8888,292.55105697871335
1,8889,301.61775146336305
1,8890,358.69449839176673
1,8891,370.492564386899
1,8892,106.77912461413052
1,8893,361.4258699022493
1,8894,106.77912461413052
1,8895,104.07555415863366
1,8896,324.02646255775363
1,8897,324.02646255775363
1,8898,106.77912461413052
1,8899,430.3530169627384
1,8900,212.59898532464294
1,8901,106.77912461413052
1,8902,212.59898532464294
1,8903,292.55105697871335
1,8904,111.35574522051606
1,8905,292.55105697871335
1,8906,370.492564386899
1,8907,98.16174669213056
1,8908,212.59898532464294
1,8909,268.3192047843277
1,8910,358.69449839176673
1,8911,106.77912461413052
1,8912,292.55105697871335
1,8913,367.76119287641643
1,8914,98.16174669213056
1,8915,106.77912461413052
1,8916,358.69449839176673
1,8917,448.6130793220579
1,8918,104.07555415863366
1,8919,111.35574522051606
1,8920,212.59898532464294
1,8921,268.3192047843277
1,8922,108.92907202436776
1,8923,160.5941280105064
1,8924,358.69449839176673
1,8925,106.77912461413052
1,8926,98.72618743085364
1,8927,212.59898532464294
1,8928,448.6130793220579
1,8929,212.59898532464294
1,8930,448.6130793220579
1,8931,157.05478654844302
1,8932,379.0308912511538
1,8933,430.3530169627384
1,8934,162.1459157135573
1,8935,463.1014977865581
1,8936,108.92907202436776
1,8937,212.59898532464294
1,8938,448.6130793220579
1,8939,212.59898532464294
1,8940,358.69449839176673
1,8941,106.77912461413052
1,8942,430.3530169627384
1,8943,292.55105697871335
1,8944,98.16174669213056
1,8945,212.59898532464294
1,8946,268.3192047843277
1,8947,106.77912461413052
1,8948,448.6130793220579
1,8949,108.92907202436776
1,8950,358.69449839176673
1,8951,292.55105697871335
1,8952,370.492564386899
1,8953,487.791658620228
1,8954,106.77912461413052
1,8955,361.4258699022493
1,8956,292.55105697871335
1,8957,430.3530169627384
1,8958,212.59898532464294
1,8959,212.59898532464294
1,8960,361.4258699022493
1,8961,108.92907202436776
1,8962,361.4258699022493
1,8963,106.77912461413052
1,8964,463.1014977865581
1,8965,370.492564386899
1,8966,108.92907202436776
1,8967,370.492564386899
1,8968,123.27190677618505
1,8969,324.02646255775363
1,8970,108.92907202436776
1,8971,430.3530169627384
1,8972,292.55105697871335
1,8973,98.72618743085364
1,8974,324.02646255775363
1,8975,268.3192047843277
1,8976,324.02646255775363
1,8977,106.77912461413052
1,8978,358.69449839176673
1,8979,108.92907202436776
1,8980,268.3192047843277
1,8981,106.77912461413052
1,8982,268.3192047843277
1,8983,487.791658620228
1,8984,106.77912461413052
1,8985,361.4258699022493
1,8986,324.02646255775363
1,8987,448.6130793220579
1,8988,108.92907202436776
1,8989,454.0348033019084
1,8990,367.76119287641643
1,8991,111.35574522051606
1,8992,212.59898532464294
1,8993,463.1014977865581
1,8994,452.74400059672894
1,8995,73.29826245168654
1,8996,292.55105697871335
1,8997,268.3192047843277
1,8998,326.7127555522104
1,8999,111.35574522051606
1,9000,268.3192047843277
1,9001,370.492564386899
1,9002,104.07555415863366
1,9003,358.69449839176673
1,9004,292.55105697871335
1,9005,212.59898532464294
1,9006,292.55105697871335
1,9007,106.77912461413052
1,9008,268.3192047843277
1,9009,160.5941280105064
1,9010,108.92907202436776
1,9011,212.59898532464294
1,9012,212.59898532464294
1,9013,268.3192047843277
1,9014,367.76119287641643
1,9015,361.4258699022493
1,9016,430.3530169627384
1,9017,111.35574522051606
1,9018,361.4258699022493
1,9019,106.77912461413052
1,9020,268.3192047843277
1,9021,98.16174669213056
1,9022,108.92907202436776
1,9023,268.3192047843277
1,9024,212.59898532464294
1,9025,111.35574522051606
1,9026,324.02646255775363
1,9027,111.35574522051606
1,9028,212.59898532464294
1,9029,370.492564386899
1,9030,324.02646255775363
1,9031,212.59898532464294
1,9032,111.35574522051606
1,9033,324.02646255775363
1,9034,292.55105697871335
1,9035,292.55105697871335
1,9036,111.35574522051606
1,9037,358.69449839176673
1,9038,333.09315704240333
1,9039,268.3192047843277
1,9040,160.5941280105064
1,9041,212.59898532464294
1,9042,268.3192047843277
1,9043,212.59898532464294
1,9044,212.59898532464294
1,9045,333.09315704240333
1,9046,292.55105697871335
1,9047,98.16174669213056
1,9048,212.59898532464294
1,9049,212.59898532464294
1,9050,268.3192047843277
1,9051,358.69449839176673
1,9052,292.55105697871335
1,9053,106.77912461413052
1,9054,333.09315704240333
1,9055,111.35574522051606
1,9056,111.35574522051606
1,9057,212.59898532464294
1,9058,108.92907202436776
1,9059,292.55105697871335
1,9060,324.02646255775363
1,9061,104.07555415863366
1,9062,212.59898532464294
1,9063,212.59898532464294
1,9064,111.35574522051606
1,9065,292.55105697871335
1,9066,157.05478654844302
1,9067,268.3192047843277
1,9068,111.35574522051606
1,9069,324.02646255775363
1,9070,160.5941280105064
1,9071,108.92907202436776
1,9072,292.55105697871335
1,9073,292.55105697871335
1,9074,98.16174669213056
1,9075,91.44599636897128
1,9076,324.02646255775363
1,9077,268.3192047843277
1,9078,292.55105697871335
1,9079,268.3192047843277
1,9080,212.59898532464294
1,9081,370.492564386899
1,9082,292.55105697871335
1,9083,91.44599636897128
1,9084,212.59898532464294
1,9085,213.27812733351578
1,9086,361.4258699022493
1,9087,160.5941280105064
1,9088,324.02646255775363
1,9089,268.3192047843277
1,9090,111.35574522051606
1,9091,160.5941280105064
1,9092,98.16174669213056
1,9093,111.35574522051606
1,9094,292.55105697871335
1,9095,358.69449839176673
1,9096,292.55105697871335
1,9097,111.35574522051606
1,9098,212.59898532464294
1,9099,98.72618743085364
1,9100,370.492564386899
1,9101,106.77912461413052
1,9102,268.3192047843277
1,9103,268.3192047843277
1,9104,292.55105697871335
1,9105,160.5941280105064
1,9106,292.55105697871335
1,9107,324.02646255775363
1,9108,106.77912461413052
1,9109,91.44599636897128
1,9110,324.02646255775363
1,9111,106.77912461413052
1,9112,106.77912461413052
1,9113,292.55105697871335
1,9114,111.35574522051606
1,9115,324.02646255775363
1,9116,111.35574522051606
1,9117,358.69449839176673
1,9118,268.3192047843277
1,9119,268.3192047843277
1,9120,160.5941280105064
1,9121,292.55105697871335
1,9122,73.29826245168654
1,9123,268.3192047843277
1,9124,160.5941280105064
1,9125,212.59898532464294
1,9126,212.59898532464294
1,9127,111.35574522051606
1,9128,358.69449839176673
1,9129,98.16174669213056
1,9130,212.59898532464294
1,9131,268.3192047843277
1,9132,160.5941280105064
1,9133,463.1014977865581
1,9134,108.92907202436776
1,9135,292.55105697871335
1,9136,324.02646255775363
1,9137,154.66866283187682
1,9138,212.59898532464294
1,9139,361.4258699022493
1,9140,212.59898532464294
1,9141,111.35574522051606
1,9142,292.55105697871335
1,9143,268.3192047843277
1,9144,108.92907202436776
1,9145,160.5941280105064
1,9146,98.16174669213056
1,9147,212.59898532464294
1,9148,324.02646255775363
1,9149,212.59898532464294
1,9150,430.3530169627384
1,9151,212.59898532464294
1,9152,430.3530169627384
1,9153,333.09315704240333
1,9154,324.02646255775363
1,9155,292.55105697871335
1,9156,111.35574522051606
1,9157,160.5941280105064
1,9158,212.59898532464294
1,9159,324.02646255775363
1,9160,111.35574522051606
1,9161,268.3192047843277
1,9162,160.5941280105064
1,9163,334.6050639873629
1,9164,333.09315704240333
1,9165,160.5941280105064
1,9166,106.77912461413052
1,9167,98.16174669213056
1,9168,361.4258699022493
1,9169,358.69449839176673
1,9170,98.16174669213056
1,9171,292.55105697871335
1,9172,111.35574522051606
1,9173,324.02646255775363
1,9174,324.02646255775363
1,9175,106.77912461413052
1,9176,358.69449839176673
1,9177,104.07555415863366
1,9178,292.55105697871335
1,9179,98.16174669213056
1,9180,160.5941280105064
1,9181,98.72618743085364
1,9182,439.5463848374082
1,9183,106.77912461413052
1,9184,212.59898532464294
1,9185,248.00817396267288
1,9186,158.30158539725238
1,9187,160.5941280105064
1,9188,333.09315704240333
1,9189,98.16174669213056
1,9190,292.55105697871335
1,9191,268.3192047843277
1,9192,361.4258699022493
1,9193,212.59898532464294
1,9194,212.59898532464294
1,9195,212.59898532464294
1,9196,160.5941280105064
1,9197,367.76119287641643
1,9198,370.492564386899
1,9199,106.77912461413052
1,9200,333.09315704240333
1,9201,106.77912461413052
1,9202,111.35574522051606
1,9203,292.55105697871335
1,9204,160.5941280105064
1,9205,157.05478654844302
1,9206,160.5941280105064
1,9207,212.59898532464294
1,9208,268.3192047843277
1,9209,91.44599636897128
1,9210,430.3530169627384
1,9211,111.35574522051606
1,9212,370.492564386899
1,9213,98.16174669213056
1,9214,212.59898532464294
1,9215,104.07555415863366
1,9216,98.16174669213056
1,9217,157.05478654844302
1,9218,106.77912461413052
1,9219,111.35574522051606
1,9220,324.02646255775363
1,9221,98.72618743085364
1,9222,333.09315704240333
1,9223,448.6130793220579
1,9224,212.59898532464294
1,9225,111.35574522051606
1,9226,212.59898532464294
1,9227,268.3192047843277
1,9228,106.77912461413052
1,9229,277.3858992689774
1,9230,91.44599636897128
1,9231,268.3192047843277
1,9232,106.77912461413052
1,9233,212.59898532464294
1,9234,421.2863224780887
1,9235,358.69449839176673
1,9236,106.77912461413052
1,9237,160.5941280105064
1,9238,157.05478654844302
1,9239,324.02646255775363
1,9240,108.92907202436776
1,9241,324.02646255775363
1,9242,106.77912461413052
1,9243,268.3192047843277
1,9244,98.16174669213056
1,9245,212.59898532464294
1,9246,268.3192047843277
1,9247,367.76119287641643
1,9248,268.3192047843277
1,9249,106.77912461413052
1,9250,212.59898532464294
1,9251,268.3192047843277
1,9252,292.55105697871335
1,9253,487.791658620228
1,9254,158.30158539725238
1,9255,268.3192047843277
1,9256,108.92907202436776
1,9257,324.02646255775363
1,9258,154.66866283187682
1,9259,268.3192047843277
1,9260,98.72618743085364
1,9261,268.3192047843277
1,9262,98.16174669213056
1,9263,111.35574522051606
1,9264,268.3192047843277
1,9265,106.77912461413052
1,9266,106.77912461413052
1,9267,111.35574522051606
1,9268,268.3192047843277
1,9269,111.35574522051606
1,9270,160.5941280105064
1,9271,98.16174669213056
1,9272,324.02646255775363
1,9273,160.5941280105064
1,9274,111.35574522051606
1,9275,367.76119287641643
1,9276,111.35574522051606
1,9277,106.77912461413052
1,9278,292.55105697871335
1,9279,292.55105697871335
1,9280,154.66866283187682
1,9281,212.59898532464294
1,9282,98.16174669213056
1,9283,268.3192047843277
1,9284,111.35574522051606
1,9285,212.59898532464294
1,9286,361.4258699022493
1,9287,111.35574522051606
1,9288,111.35574522051606
1,9289,324.02646255775363
1,9290,326.7127555522104
1,9291,111.35574522051606
1,9292,268.3192047843277
1,9293,111.35574522051606
1,9294,212.59898532464294
1,9295,106.77912461413052
1,9296,367.76119287641643
1,9297,421.2863224780887
1,9298,111.35574522051606
1,9299,333.09315704240333
1,9300,111.35574522051606
1,9301,268.3192047843277
1,9302,370.492564386899
1,9303,324.02646255775363
1,9304,106.77912461413052
1,9305,212.59898532464294
1,9306,212.59898532464294
1,9307,108.92907202436776
1,9308,268.3192047843277
1,9309,111.35574522051606
1,9310,361.4258699022493
1,9311,106.77912461413052
1,9312,358.69449839176673
1,9313,160.5941280105064
1,9314,104.07555415863366
1,9315,277.3858992689774
1,9316,367.76119287641643
1,9317,301.61775146336305
1,9318,111.35574522051606
1,9319,111.35574522051606
1,9320,358.69449839176673
1,9321,268.3192047843277
1,9322,157.05478654844302
1,9323,324.02646255775363
1,9324,212.59898532464294
1,9325,111.35574522051606
1,9326,517.6790412077041
1,9327,160.5941280105064
1,9328,111.35574522051606
1,9329,361.4258699022493
1,9330,292.55105697871335
1,9331,463.1014977865581
1,9332,98.16174669213056
1,9333,333.09315704240333
1,9334,212.59898532464294
1,9335,292.55105697871335
1,9336,111.35574522051606
1,9337,268.3192047843277
1,9338,334.6050639873629
1,9339,324.02646255775363
1,9340,367.76119287641643
1,9341,324.02646255775363
1,9342,111.35574522051606
1,9343,212.59898532464294
1,9344,111.35574522051606
1,9345,268.3192047843277
1,9346,212.59898532464294
1,9347,333.09315704240333
1,9348,111.35574522051606
1,9349,212.59898532464294
1,9350,111.35574522051606
1,9351,358.69449839176673
1,9352,111.35574522051606
1,9353,324.02646255775363
1,9354,212.59898532464294
1,9355,108.92907202436776
1,9356,367.76119287641643
1,9357,212.59898532464294
1,9358,212.59898532464294
1,9359,333.09315704240333
1,9360,98.72618743085364
1,9361,324.02646255775363
1,9362,292.55105697871335
1,9363,212.59898532464294
1,9364,463.1014977865581
1,9365,212.59898532464294
1,9366,301.61775146336305
1,9367,108.92907202436776
1,9368,292.55105697871335
1,9369,212.59898532464294
1,9370,212.59898532464294
1,9371,111.35574522051606
1,9372,292.55105697871335
1,9373,268.3192047843277
1,9374,268.3192047843277
1,9375,268.3192047843277
1,9376,104.07555415863366
1,9377,292.55105697871335
1,9378,268.3192047843277
1,9379,98.72618743085364
1,9380,324.02646255775363
1,9381,212.59898532464294
1,9382,292.55105697871335
1,9383,212.59898532464294
1,9384,324.02646255775363
1,9385,430.3530169627384
1,9386,212.59898532464294
1,9387,98.72618743085364
1,9388,358.69449839176673
1,9389,106.77912461413052
1,9390,268.3192047843277
1,9391,98.16174669213056
1,9392,358.69449839176673
1,9393,98.16174669213056
1,9394,111.35574522051606
1,9395,292.55105697871335
1,9396,370.492564386899
1,9397,111.35574522051606
1,9398,212.59898532464294
1,9399,106.77912461413052
1,9400,268.3192047843277
1,9401,160.5941280105064
1,9402,157.05478654844302
1,9403,212.59898532464294
1,9404,212.59898532464294
1,9405,292.55105697871335
1,9406,106.77912461413052
1,9407,111.35574522051606
1,9408,111.35574522051606
1,9409,358.69449839176673
1,9410,106.77912461413052
1,9411,292.55105697871335
1,9412,111.35574522051606
1,9413,324.02646255775363
1,9414,111.35574522051606
1,9415,324.02646255775363
1,9416,292.55105697871335
1,9417,361.4258699022493
1,9418,157.05478654844302
1,9419,106.77912461413052
1,9420,367.76119287641643
1,9421,158.30158539725238
1,9422,292.55105697871335
1,9423,212.59898532464294
1,9424,292.55105697871335
